commenter1,commenter2,weights
MeshCollider,wuchiachih,3
sipa,wuchiachih,1
ch4ot1c,vinnyvoo,5
DocOBITCOIN,dmchess,1
hamnaz,promag,1
fanquake,hamnaz,1
bunnguyen2410,promag,1
MarcoFalke,bunnguyen2410,1
MarcoFalke,ken2812221,5
bunnguyen2410,e-nexus,4
MeshCollider,bunnguyen2410,1
jonasschnelli,msgilligan,4
Crypto2,ryanofsky,1
al-maisan,ryanofsky,1
al-maisan,promag,1
nopara73,promag,10
RHavar,promag,3
jnewbery,promag,4
jnewbery,nopara73,3
achow101,coinsmith,1
MarcoFalke,fanquake,19
RHavar,sipa,6
MarcoFalke,sipa,58
MarcoFalke,jnewbery,31
RHavar,jnewbery,1
RHavar,laanwj,4
kristapsk,laanwj,2
laanwj,promag,15
RHavar,kristapsk,1
kristapsk,promag,1
jb55,nopara73,1
jb55,sipa,1
jnewbery,sipa,6
MarcoFalke,nopara73,2
nopara73,sipa,8
Sjors,sangaman,1
jonasschnelli,theuni,32
fanquake,theuni,31
ReneFroger,assafadar,3
MarcoFalke,isghe,1
achow101,isghe,1
MarcoFalke,RHavar,14
RHavar,fanquake,2
fanquake,sdaftuar,2
RHavar,sdaftuar,2
ken2812221,molxyz,4
MarcoFalke,molxyz,2
molxyz,sipsorcery,8
MarcoFalke,yzhou61,1
eserlxl,yzhou61,5
Ali8668,teknari,1
MarcoFalke,teknari,2
MarcoFalke,sanket1729,3
laanwj,sanket1729,1
MarcoFalke,laanwj,169
DianJakaWidiawan,fanquake,1
ohhmm,scravy,2
ohhmm,sipa,1
scravy,sipa,1
MarcoFalke,ohhmm,1
jonasschnelli,laanwj,196
greenaddress,sanjays95,1
MarcoFalke,giaki3003,7
azetrom,sipa,1
AkioNak,laanwj,2
MarcoFalke,coinsmith,3
coinsmith,mmortal03,2
fanquake,ken2812221,6
fanquake,molxyz,1
AkioNak,kallewoof,3
AkioNak,practicalswift,2
Empact,practicalswift,1
Empact,ryanofsky,1
kallewoof,ryanofsky,1
Empact,kallewoof,1
AkioNak,Empact,1
kallewoof,practicalswift,9
MarcoFalke,practicalswift,3
MarcoFalke,ryanofsky,5
practicalswift,ryanofsky,3
alexander7567,ken2812221,2
alexeyneu,fanquake,1
alexeyneu,sipa,2
MarcoFalke,alexeyneu,1
alexeyneu,kirillkovalenko,3
Ayms,MarcoFalke,8
Ayms,fanquake,2
Ayms,sipa,6
jmcorgan,practicalswift,1
domob1812,jmcorgan,1
domob1812,promag,6
practicalswift,promag,4
domob1812,practicalswift,1
MarcoFalke,domob1812,3
MarcoFalke,funasty1985,5
funasty1985,sipa,3
domob1812,funasty1985,1
domob1812,sipa,4
leishman,sipa,2
MarcoFalke,leishman,1
funasty1985,ken2812221,1
achow101,sipa,15
Derek701,SearchAndDestroy,1
SearchAndDestroy,TheBlueMatt,1
TheBlueMatt,laanwj,87
MarcoFalke,thelukemccarthy,1
MarcoFalke,cryptozeny,1
MarcoFalke,rhinogroup,3
MarcoFalke,syrius01,1
sipa,syrius01,1
fanquake,isghe,1
fanquake,jonasschnelli,27
Sjors,fanquake,4
jamesob,ken2812221,1
GusevVasily,MarcoFalke,2
GusevVasily,TheBlueMatt,1
MarcoFalke,TheBlueMatt,19
kallewoof,laanwj,6
achow101,kallewoof,1
DinoStray,jonasschnelli,1
jonasschnelli,nkostoulas,1
bekarys0504,fanquake,1
Sjors,achow101,3
Sjors,ken2812221,7
MarcoFalke,Sjors,19
MarcoFalke,jonasschnelli,76
MarcoFalke,marcoagner,3
domob1812,marcoagner,1
ken2812221,sergeyklay,3
FIVIL,fanquake,1
jonasschnelli,melaxon,1
MeshCollider,melaxon,1
MeshCollider,promag,3
Sjors,laanwj,11
laanwj,theuni,111
Sjors,theuni,1
Sjors,jonasschnelli,14
LucaPaterlini,MarcoFalke,2
LucaPaterlini,sipa,2
MarcoFalke,crowdcoinChain,1
crowdcoinChain,jonasschnelli,1
MarcoFalke,sipsorcery,4
ZexiFangkong,promag,1
ZexiFangkong,fanquake,1
MarcoFalke,jtimon,3
StayCoolDK,efvhi,1
efvhi,sipa,5
StayCoolDK,promag,2
MarcoFalke,neptunix,5
hxsquid,sipa,1
StayCoolDK,arminbusatlic,3
arminbusatlic,jonasschnelli,1
jonasschnelli,stefek99,1
HashUnlimited,stefek99,1
HashUnlimited,fanquake,1
MarcoFalke,ilozanof,1
MarcoFalke,zscole,1
sipa,zscole,2
Shtutnik,fanquake,1
Shtutnik,sipa,2
Empact,stacepellegrino,6
MarcoFalke,stacepellegrino,1
Empact,MarcoFalke,6
Empact,theuni,2
MarcoFalke,theuni,11
sipa,stacepellegrino,1
askari01,stacepellegrino,1
Empact,askari01,2
MarcoFalke,askari01,3
MarcoFalke,jsarenik,1
kallewoof,marcoagner,1
jonasschnelli,kallewoof,2
AkioNak,MarcoFalke,3
jonasschnelli,promag,4
domob1812,ianwaldrop,1
ianwaldrop,sipa,1
promag,sipa,8
Sjors,rikur,1
MarcoFalke,dooglus,6
Varunram,supersammy7000,3
Varunram,sipa,4
ken2812221,passionofvc,1
jb55,passionofvc,3
passionofvc,sipa,2
doone57,fanquake,1
MarcoFalke,doone57,2
doone57,sipa,1
BitcoinVegan,fanquake,1
BitcoinVegan,MarcoFalke,3
BitcoinVegan,Stadicus,2
MarcoFalke,TheCharlatan,2
Fuzzbawls,TheCharlatan,1
Amiga500,Nino84,1
Amiga500,supersammy7000,1
jonasschnelli,supersammy7000,1
kallewoof,sipa,3
laanwj,wodry,2
kallewoof,wodry,1
murrayn,scravy,1
kallewoof,ken2812221,1
kallewoof,murrayn,1
ken2812221,murrayn,1
ken2812221,luke-jr,1
kallewoof,luke-jr,1
achow101,linux-mining,1
laanwj,linux-mining,2
linux-mining,sipa,3
MarcoFalke,linux-mining,3
kristapsk,linux-mining,2
MarcoFalke,achow101,21
laanwj,recas,1
marcoagner,recas,1
sipa,victorperin,1
laanwj,sipa,242
Fuzzbawls,practicalswift,1
Fuzzbawls,theuni,1
fanquake,laanwj,63
MarcoFalke,cruxby,2
Rspigler,marcoagner,1
laanwj,practicalswift,4
grim-trigger,practicalswift,1
fanquake,sipa,7
besoeasy,sipa,1
MarcoFalke,NickSiena,1
MarcoFalke,mustitz,1
achow101,nerdDan,5
nerdDan,sipa,3
ken2812221,wudigithub1,2
Empact,wudigithub1,2
Empact,sipa,4
achow101,ken2812221,4
domob1812,jeffrade,5
jeffrade,jnewbery,3
domob1812,jnewbery,4
HashUnlimited,MarcoFalke,1
MarcoFalke,wudigithub1,3
sipa,wudigithub1,1
fanquake,wudigithub1,1
MarcoFalke,mruddy,6
marcoagner,practicalswift,1
ken2812221,marcoagner,1
ken2812221,sipa,1
achow101,rustyrussell,1
achow101,jonasschnelli,12
MarcoFalke,jl2012,1
TheBlueMatt,jl2012,1
TheBlueMatt,rustyrussell,1
jl2012,rustyrussell,1
brandonrninefive,jonasschnelli,1
brandonrninefive,marcoagner,1
angelagilhotra,ken2812221,7
MaherBTA,jonasschnelli,1
Foggyx420,MaherBTA,2
MaherBTA,MarcoFalke,2
fanquake,gurtaj-project,1
MarcoFalke,laugh26,1
Xayaan,laugh26,1
sipa,thotheolh,1
laanwj,thotheolh,1
DeltaLeonis,MarcoFalke,1
DeltaLeonis,laanwj,3
ken2812221,ryanofsky,1
sdaftuar,skeees,4
achow101,kaykurokawa,1
kaykurokawa,sipa,1
annjieching,fivepiece,2
MarcoFalke,ghost,18
MarcoFalke,sdaftuar,12
promag,sdaftuar,2
MarcoFalke,promag,13
promag,skeees,3
MarcoFalke,cdecker,2
cdecker,jnewbery,1
jnewbery,nixbox,2
Empact,sdaftuar,1
Empact,jnewbery,1
jnewbery,skeees,1
TheBlueMatt,skeees,2
practicalswift,sdaftuar,1
cyssxt,sipa,1
sipa,stevenroose,3
fanquake,kallewoof,1
MarcoFalke,kallewoof,4
AkioNak,LaThortilla,1
jnewbery,ryanofsky,7
TheCharlatan,jnewbery,2
Sjors,jnewbery,10
MarcoFalke,hkjn,1
fanquake,hkjn,2
Aaahh,globaltoken,1
TheBlueMatt,globaltoken,2
WillAyd,jnewbery,2
kallewoof,okayplanet,1
globaltoken,hanzou-x,1
buddilla,hanzou-x,2
AkioNak,fanquake,1
fanquake,globaltoken,3
InserirAquiNome,kallewoof,3
InserirAquiNome,MarcoFalke,1
jakubtrnka,jnewbery,1
jakubtrnka,promag,1
glaksmono,promag,1
glaksmono,razamobin,1
promag,razamobin,4
jnewbery,razamobin,1
AdamSEY,promag,2
AdamSEY,sipa,5
fanquake,murrayn,1
jnewbery,murrayn,1
Corsairs,jnewbery,1
MarcoFalke,arunsatyarth,1
jamesob,ryanofsky,1
laanwj,ryanofsky,18
jamesob,laanwj,5
karel-3d,ryanofsky,3
MeshCollider,dooglus,4
pedrobranco,promag,2
jnewbery,mcdallas,2
MeshCollider,cyssxt,1
cyssxt,jnewbery,2
fanquake,ryanofsky,1
26rahulsingh,fanquake,1
26rahulsingh,laanwj,1
MeshCollider,rockandruby,1
laanwj,rockandruby,1
laanwj,nopara73,1
achow101,laanwj,28
MarcoFalke,bigbrain,1
ValeryDubrava,eklitzke,2
eklitzke,fanquake,1
ValeryDubrava,fanquake,1
ValeryDubrava,jnewbery,1
fanquake,jnewbery,5
GSPP,MeshCollider,1
Varunram,tmany,1
sipa,tmany,1
AlexGoldovsky,laanwj,1
laanwj,thijstriemstra,2
fanquake,thijstriemstra,1
flack,laanwj,6
flack,mmortal03,1
Sjors,Willtech,3
MarcoFalke,NicolasDorier,6
GSPP,promag,4
GSPP,MarcoFalke,9
Willtech,fanquake,2
chromebanana,headhunter911,3
chromebanana,fanquake,1
fanquake,reedho,1
chromebanana,reedho,1
Sjors,headhunter911,3
MarcoFalke,headhunter911,1
fanquake,jb55,1
jonasschnelli,sipa,50
fbriggs,funyug,1
Willtech,fbriggs,1
Willtech,WorkShop-Office,1
WorkShop-Office,kristapsk,1
jnewbery,kristapsk,1
globaltoken,randolf,1
achow101,tmany,1
jonasschnelli,lsching17,2
lsching17,sipa,3
lsching17,luke-jr,1
anduck,keystrike,1
anduck,drodil,1
Michagogo,drodil,1
Michagogo,laanwj,15
NilByte,uniibu,1
NilByte,helderdb,1
passionofvc,promag,3
kristapsk,passionofvc,1
MarcoFalke,kristapsk,1
Raulo,dooglus,2
jonasschnelli,kenneth,1
AlvaroLuken,kenneth,1
AlvaroLuken,Miskerest,1
Miskerest,kenneth,1
jnewbery,kenneth,1
ghost,jnewbery,1
Willtech,ken2812221,2
Willtech,wwg2018new,1
MarcoFalke,wwg2018new,1
Sjors,promag,2
TheKogs,jonasschnelli,1
Sjors,TheKogs,2
TheKogs,notsureif,1
MarcoFalke,number9387,2
number9387,sipsorcery,1
number9387,wwg2018new,4
sipsorcery,wwg2018new,1
Willtech,sipsorcery,1
Willtech,achow101,5
achow101,number9387,9
achow101,wwg2018new,3
Willtech,number9387,7
Willtech,mrhuke,1
achow101,mrhuke,1
ReneFroger,ghost,1
ghost,laanwj,72
cdecker,laanwj,1
Sjors,cdecker,2
laanwj,luke-jr,137
TheCharlatan,luke-jr,1
TheCharlatan,cdecker,1
bpay,jnewbery,3
MarcoFalke,bpay,1
MarcoFalke,ekembs,3
MarcoFalke,randolf,1
laanwj,randolf,1
MarcoFalke,Willtech,8
Willtech,laanwj,2
headhunter911,padedek,1
Willtech,jnewbery,1
Willtech,jonasschnelli,1
MarcoFalke,khelle,2
FeedTheWeb,promag,1
fanquake,yellowred,1
jnewbery,yellowred,1
fanquake,sapirx3,1
Empact,dustinltran,1
dustinltran,jakezeal,4
Sjors,dustinltran,1
fanquake,playcoindev,1
DerUntote,RossClelland,1
DerUntote,askari01,1
GrumpyKiitty,rbndg,1
randolf,rbndg,1
GrumpyKiitty,randolf,1
GrumpyKiitty,jonasschnelli,3
jonasschnelli,rbndg,1
Willtech,rbndg,2
eklitzke,rbndg,1
eklitzke,jnewbery,1
jnewbery,rbndg,1
jeong760,sipa,2
bitcoinhodler,jonasschnelli,1
bitcoinhodler,coolmagic,1
bitcoinhodler,sipa,5
grim-trigger,laanwj,1
clemtaylor,jonasschnelli,5
rex4539,sipa,7
MarshMallowMan,rex4539,2
Sjors,rex4539,4
ecdsa,rex4539,1
jtimon,laanwj,4
laanwj,mmortal03,4
MarcoFalke,floreslorca,1
floreslorca,practicalswift,1
ken2812221,practicalswift,2
practicalswift,willin,1
ken2812221,willin,1
ghost,sipa,56
AkioNak,Sjors,3
AkioNak,achow101,2
AkioNak,sdaftuar,1
MarcoFalke,ak-19,2
TheBlueMatt,ak-19,2
jnewbery,laanwj,25
TheBlueMatt,jnewbery,4
chrotz,sipa,2
JayKopinski,sipa,1
AndreyNag,greenaddress,1
Cantoria,fanquake,2
amore-amore,gmaxwell,1
amore-amore,fanquake,1
MrTuoi,Sjors,1
MrTuoi,laanwj,1
TheBlueMatt,david60,1
david60,laanwj,1
TheBlueMatt,Willtech,2
Sjors,eklitzke,1
pedrobranco,sipa,1
pedrobranco,stevenroose,1
MarcoFalke,stevenroose,1
instagibbs,promag,1
achow101,fivepiece,2
coinsmith,laanwj,2
MarcoFalke,mkyukov,5
mkyukov,tianzongqi,1
Raulo,laanwj,2
Raulo,gmaxwell,1
Willtech,dooglus,2
dooglus,sipa,12
dooglus,jonasschnelli,12
randolf,theuni,1
dooglus,randolf,1
MarcoFalke,demeter52,1
VermillionAzure,bitcoinfuture-btcx,1
fanquake,ghost,2
MeshCollider,ja-heller,1
15811726527,ja-heller,1
knoxcard,sipa,2
QubitPi,sipa,1
TheBlueMatt,randyrossi,2
bolekC,randyrossi,1
TheBlueMatt,bolekC,3
Harold-Glitch,laanwj,1
gmaxwell,laanwj,101
laanwj,nQuantPlatforms,1
Linrono,ryanofsky,1
Linrono,instagibbs,1
instagibbs,jnewbery,6
Linrono,jnewbery,1
Linrono,jb55,1
HashUnlimited,TheBlueMatt,2
HashUnlimited,sipa,2
TheBlueMatt,sipa,35
MarcoFalke,fwolfst,3
MeshCollider,TheBlueMatt,2
TheBlueMatt,snitko,1
alphaaurigae,jonasschnelli,1
alphaaurigae,promag,1
alphaaurigae,sipa,1
DrakonAlpha,bolekC,3
DrakonAlpha,MarcoFalke,1
MarcoFalke,bolekC,2
bolekC,jnewbery,1
DrakonAlpha,jnewbery,1
Jappiecr,sipa,1
Jappiecr,MarcoFalke,1
MarcoFalke,alphaaurigae,1
alphaaurigae,williamng2112,1
Willtech,jsarenik,1
bolekC,liuqizhi0925,1
jtimon,sipa,2
Willtech,jtimon,1
ntom,sipa,1
manginahunter,ntom,1
manginahunter,nopara73,2
jnewbery,manginahunter,1
TheBlueMatt,nopara73,1
Tach-Yon,jonasschnelli,3
chaiyu2002,jonasschnelli,1
JiaTaoXie,chaiyu2002,1
JiaTaoXie,brakmic,1
Willtech,sipa,2
SoundButton,sipa,2
achow101,dooglus,20
bolekC,snomannaseem,8
MarcoFalke,snomannaseem,1
TheBlueMatt,jonasschnelli,14
Christewart,practicalswift,1
Christewart,NicolasDorier,4
EasonWang01,sipa,1
fanquake,heri99,1
CryptAxe,TheBlueMatt,1
TheBlueMatt,fanquake,6
CryptAxe,fanquake,1
CryptAxe,laanwj,4
jonasschnelli,kekimusmaximus,1
kekimusmaximus,laanwj,1
achow101,crbx,1
MarcoFalke,crbx,3
fanquake,nopara73,2
dooglus,laanwj,86
achow101,fanquake,5
MarcoFalke,krysch,1
krysch,whosda,1
fanquake,whosda,1
fanquake,jimhashhq,1
fanquake,promag,1
promag,wild-jie,1
fanquake,hyperrealist,1
fanquake,ryanosten,1
fernandezpablo85,ryanosten,1
fanquake,fernandezpablo85,1
fanquake,stephenie,1
stephenie,victoryeo,1
fanquake,victoryeo,1
fanquake,shuuchen,5
shuuchen,sipa,1
jnewbery,jonasschnelli,5
jnewbery,julien-lecomte,2
amd5,sipa,4
GrumpyKiitty,booung,1
RHavar,jonasschnelli,1
LeandroJF,RHavar,1
LeandroJF,MarcoFalke,1
Varunram,fresheneesz,3
fresheneesz,spot88,1
0xB10C,spot88,1
0xB10C,fresheneesz,1
Empact,fresheneesz,2
fresheneesz,laanwj,5
Sjors,luke-jr,12
converge,laanwj,1
Ov3rlo4d,laanwj,1
samuelGrahame,sipa,1
Empact,annjieching,2
annjieching,jimhashhq,1
TheBlueMatt,merinovroman,3
MarcoFalke,merinovroman,1
fivepiece,ryanofsky,1
jeffrade,luke-jr,3
MarcoFalke,jeffrade,6
morcos,omegachien,1
MarcoFalke,anggaand123,3
anggaand123,sipa,1
morcos,pinheadmz,1
pinheadmz,sipa,7
GrumpyKiitty,MarcoFalke,1
TheBlueMatt,ryanofsky,1
jb55,promag,1
jb55,pinheadmz,2
huhorler,sipsorcery,2
NicolasDorier,huhorler,1
NicolasDorier,sipa,7
sipa,sipsorcery,1
jonasschnelli,ryanofsky,3
jackycjh,promag,1
amal,laanwj,1
RHavar,TheBlueMatt,5
KanoczTomas,promag,3
KanoczTomas,jonasschnelli,2
KanoczTomas,sipa,1
TheBlueMatt,saleemrashid,1
jonasschnelli,saleemrashid,4
saleemrashid,sipa,11
ryanofsky,saleemrashid,2
ryanofsky,sipa,4
jnewbery,karel-3d,1
TheBlueMatt,unsystemizer,4
PolarGo,unsystemizer,1
PolarGo,TheBlueMatt,4
PolarGo,sipa,1
TheBlueMatt,luke-jr,18
Sjors,TheBlueMatt,7
LEscobar-Driver,sipa,1
LEscobar-Driver,TheBlueMatt,1
afk11,sipa,1
achow101,jamesob,4
TheBlueMatt,jamesob,1
jamesob,jonasschnelli,2
TheBlueMatt,sipsorcery,1
TheBlueMatt,annjieching,1
annjieching,vincentwang0736,1
promag,unsystemizer,3
TheBlueMatt,tech-alchemist,1
lukepighetti,tech-alchemist,1
MarcoFalke,lukepighetti,3
nopara73,sipsorcery,4
MarcoFalke,davimello28,1
davimello28,luke-jr,1
Varunram,laanwj,1
fgc92,laanwj,1
bsod85,promag,3
sipa,webwakko,3
TheBlueMatt,loudthunder,3
loudthunder,vmavromatis,1
MarcoFalke,Varunram,5
TheBlueMatt,Varunram,2
TheBlueMatt,dooglus,6
TheBlueMatt,promag,5
PolarGo,jonasschnelli,3
fanquake,luke-jr,11
MarcoFalke,luke-jr,13
MeshCollider,sipa,2
MarcoFalke,MeshCollider,13
Ankarrr,jonasschnelli,3
Ankarrr,Varunram,1
Varunram,jnewbery,3
jonasschnelli,vmavromatis,1
MarcoFalke,vmavromatis,1
borriej,jonasschnelli,3
achow101,unsystemizer,4
laanwj,unsystemizer,25
laanwj,prajwalrao2012,1
MeshCollider,khelle,3
fanquake,webwakko,3
MarcoFalke,kgcorps,2
MeshCollider,kgcorps,2
jsmootiv,sipa,4
mikedennis,sipsorcery,2
fanquake,mikedennis,1
fanquake,spartucus,2
sipsorcery,spartucus,1
laanwj,sipsorcery,6
MeshCollider,laanwj,11
MeshCollider,spartucus,1
fanquake,sipsorcery,3
Quantomicus,mikedennis,1
jjxtra,sipa,2
ghost,luke-jr,21
Crypto2,fanquake,1
Crypto2,kangasbros,1
jnewbery,kangasbros,1
DarthJahus,MeshCollider,2
DarthJahus,ekerstein,2
MeshCollider,ekerstein,4
DarthJahus,mikedennis,1
MarcoFalke,rebroad,14
rebroad,sipa,83
KibbledJiveElkZoo,invariant,1
KibbledJiveElkZoo,Sjors,1
laanwj,rebroad,117
Popkultur,sipa,3
MeshCollider,Popkultur,1
jonasschnelli,luke-jr,31
luke-jr,sipa,76
Sjors,sipa,3
ghost,sipsorcery,2
rebroad,sipsorcery,2
achow101,instagibbs,3
achow101,jnewbery,6
Sjors,instagibbs,1
laanwj,stefek99,1
fanquake,kollokollo,1
TheBlueMatt,kollokollo,4
kollokollo,laanwj,2
MarcoFalke,kollokollo,1
coralnode,kollokollo,1
coralnode,sipa,1
sipa,usab,1
TheBlueMatt,usab,1
jonasschnelli,wodry,5
theuni,wodry,1
Victorsueca,theuni,1
MarcoFalke,shashisamala,1
Sjors,shashisamala,1
Sjors,flack,1
flack,gmverdon,2
MarcoFalke,gmverdon,1
MarcoFalke,flack,4
gmverdon,jnewbery,1
flack,jnewbery,2
ryanofsky,sugandhnow,1
promag,sugandhnow,1
marcoagner,promag,1
flack,marcoagner,3
TheBlueMatt,dcousens,7
MarcoFalke,dcousens,9
jonasschnelli,juestr,6
achow101,cyberluke,3
MarcoFalke,cyberluke,1
fanquake,zzinda19,1
acasaccia,zzinda19,1
acasaccia,fanquake,1
MeshCollider,wodry,2
TheBlueMatt,wodry,3
MarcoFalke,MarshMallowMan,2
MarshMallowMan,luke-jr,2
Bluethf,TheBlueMatt,1
TheBlueMatt,rosly,2
TheBlueMatt,qubit1729,2
MarcoFalke,unsystemizer,5
jonasschnelli,unsystemizer,3
dcousens,jonasschnelli,10
MeshCollider,fanquake,1
fanquake,theochino,1
251Labs,MarcoFalke,1
251Labs,jnewbery,1
AngelTs,NicolasDorier,3
AngelTs,donaloconnor,2
donaloconnor,sipsorcery,2
NicolasDorier,sipsorcery,2
NicolasDorier,donaloconnor,2
AngelTs,sipsorcery,1
fanquake,rebroad,6
ashishchandr70,fanquake,1
TheBlueMatt,elblinko,1
coolbobo,ghost,1
halvors,laanwj,1
TheBlueMatt,nperalez,1
iamdaiyuan,nperalez,1
iamdaiyuan,lei123zhang,1
pierreN,theuni,1
itoonx,pierreN,1
itoonx,myradiogalaxy,1
myradiogalaxy,proski,1
achow101,doersf,4
doersf,sipa,1
doersf,fanquake,2
achow101,cryptonoob42,1
jonasschnelli,mi2zha,1
MarcoFalke,phuongnd08,1
TheBlueMatt,phuongnd08,10
MeshCollider,practicalswift,1
jonasschnelli,phuongnd08,7
RajaHassan,phuongnd08,2
nopara73,phuongnd08,1
RajaHassan,nopara73,2
nopara73,toddmo,2
MarcoFalke,toddmo,3
sipa,toddmo,1
MarcoFalke,knoxcard,3
MarcoFalke,dusty-wil,2
dusty-wil,promag,1
Empact,Sjors,1
fanquake,headhunter911,1
MarcoFalke,stefek99,3
TheBlueMatt,stefek99,5
fanquake,stefek99,1
sipa,theymos,1
instagibbs,laanwj,2
cncr04s,laanwj,1
MeshCollider,cncr04s,1
RossClelland,laanwj,2
RossClelland,instagibbs,1
RossClelland,mmortal03,1
MarcoFalke,vinyyoo,5
Jeans5,jnewbery,1
dooglus,ryanofsky,8
LordAndrei,TheBlueMatt,4
LordAndrei,theuni,1
TheBlueMatt,theuni,11
LordAndrei,instagibbs,1
instagibbs,theuni,2
john-light,jonasschnelli,1
TheBlueMatt,esotericnonsense,5
esotericnonsense,laanwj,4
jnewbery,thequillmagazine,1
kangasbros,thequillmagazine,1
kangasbros,sipa,3
TheBlueMatt,kyluke,1
esotericnonsense,kyluke,4
kyluke,theuni,3
achow101,knoxcard,1
MeshCollider,knoxcard,2
jonasschnelli,knoxcard,8
knoxcard,possientis,1
achow101,drkskwlkr,3
TheBlueMatt,drkskwlkr,2
drkskwlkr,gmaxwell,2
dooglus,jlegoupil,4
dooglus,gmaxwell,14
gmaxwell,ryanofsky,4
dooglus,sangaman,5
TheBlueMatt,sangaman,1
dooglus,eklitzke,4
dooglus,simonk83,2
MeshCollider,Zenitur,1
MarcoFalke,Zenitur,4
Zenitur,laanwj,5
NewCryptoWorld,laanwj,1
esotericnonsense,jnewbery,1
gmaxwell,jnewbery,1
gmaxwell,mrwhythat,3
jnewbery,mrwhythat,2
DarthJahus,mrwhythat,1
sipa,wodry,3
flack,wodry,2
dooglus,theuni,1
bmoo0,jonasschnelli,2
MarcoFalke,bmoo0,2
MarcoFalke,MattyAB,1
MeshCollider,jonasschnelli,4
albandil,jonasschnelli,1
MeshCollider,albandil,1
jonasschnelli,mputter,1
NicolasDorier,ryanofsky,3
MarcoFalke,PavelNiedoba,1
PavelNiedoba,sipa,1
JohnVonNeumann,sipa,1
JohnVonNeumann,MarcoFalke,4
AllanDoensen,i-rme,2
Aristondo,MarcoFalke,3
Aristondo,jonasschnelli,2
Aristondo,sipa,3
AllanDoensen,achow101,5
AllanDoensen,MarcoFalke,1
jonasschnelli,mb300sd,2
MarcoFalke,esotericnonsense,1
MarcoFalke,eMosbat,2
eMosbat,jonasschnelli,2
achow101,xyzzy099,6
MeshCollider,xyzzy099,6
Guillerbr,xyzzy099,1
Guillerbr,MeshCollider,1
MeshCollider,achow101,2
sipa,wostl,1
MeshCollider,wostl,2
achow101,wostl,1
laanwj,wostl,3
fanquake,wostl,1
fanquake,practicalswift,2
achow101,danra,1
danra,laanwj,2
danra,promag,4
JiechengZhao,achow101,1
clemtaylor,sipa,1
achow101,clemtaylor,1
dooglus,grant-olson,1
coinables,sipa,1
dooglus,luke-jr,15
RHavar,dooglus,1
Sjors,ghost,1
justnonamenoname,sipa,1
ghost,justnonamenoname,1
CydeWeys,luke-jr,1
CydeWeys,sipa,4
CydeWeys,dooglus,1
dooglus,janmande,1
MeshCollider,janmande,2
CydeWeys,janmande,1
CydeWeys,achow101,1
achow101,montvid,1
jonasschnelli,montvid,1
achow101,theuni,11
kemoantemo,promag,1
kemoantemo,sipa,1
fanquake,scubaMaster,1
LorenzoAlluminio,scubaMaster,1
LorenzoAlluminio,jonasschnelli,1
jonasschnelli,res-Q,1
novatia,res-Q,1
novatia,rafawo,1
mfarnoosh,rafawo,1
Bushstar,gmaxwell,1
gmaxwell,shivaenigma,1
theuni,victorperin,2
MarcoFalke,deremeda,2
janstary,laanwj,5
TheBlueMatt,sdaftuar,1
TheBlueMatt,gmaxwell,8
jonasschnelli,natonamco,1
djro,jonasschnelli,1
Cren700,djro,1
Cantoria,Cren700,1
Cantoria,hzz780,1
PaulRBerg,hzz780,1
PaulRBerg,potadibyo,1
achow101,midas717,1
janmande,midas717,1
Mentors4EDU,janmande,1
dooglus,sdaftuar,8
dmitry256,satindergrewal,2
dmitry256,jonasschnelli,1
fanquake,stefanmedack,1
luolinae86,stefanmedack,1
GrumpyKiitty,aunyks,2
GrumpyKiitty,laanwj,1
jaybny,laanwj,1
achow101,jaybny,3
achow101,promag,1
jaybny,promag,1
MeshCollider,jaybny,1
GrumpyKiitty,promag,2
GrumpyKiitty,MeshCollider,1
jonasschnelli,spbubble123,1
floreslorca,jonny1000,1
MarcoFalke,eklitzke,2
jnewbery,practicalswift,1
glaksmono,laanwj,1
MarcoFalke,jgarzik,1
achow101,juestr,1
asbator,sipa,1
DonDerossi,sipa,2
DonDerossi,MarcoFalke,1
MarcoFalke,darkfur93,1
AllanDoensen,darkfur93,1
AllanDoensen,DonDerossi,1
aaron11193,fanquake,1
aaron11193,genexcore,1
Rav3nPL,jonasschnelli,3
Rav3nPL,wenweih,1
Rav3nPL,n0n0n0n0,3
n0n0n0n0,samuelGrahame,1
globaltoken,jonasschnelli,10
MarcoFalke,globaltoken,3
globaltoken,laanwj,5
bilalpakistani,globaltoken,6
315985314,globaltoken,1
globaltoken,jimhashhq,7
jimhashhq,sipa,1
globaltoken,sipa,2
eMosbat,globaltoken,3
globaltoken,jagaricoin-project,5
buddilla,jagaricoin-project,1
MarwenBenTalebAli,buddilla,1
amosbird,brianmcmichael,1
MarcoFalke,benma,1
benma,lyle-nel,1
jonasschnelli,obf73,1
jimhashhq,obf73,2
jonasschnelli,safocl,1
TheBlueMatt,safocl,6
laanwj,safocl,2
gmaxwell,safocl,3
sdaftuar,sipa,14
gmaxwell,wodry,3
rebroad,wodry,1
Matt90o,laanwj,1
MattyAB,TheBlueMatt,1
MattyAB,brianmcmichael,1
TheBlueMatt,brianmcmichael,1
laanwj,sunnyday845,1
fanquake,sunnyday845,1
luke-jr,tetsaicn,3
achow101,tetsaicn,1
sipa,tetsaicn,2
ReneNyffenegger,globaltoken,1
globaltoken,huobur,1
achow101,janstary,1
TheBlueMatt,janstary,1
janstary,theuni,4
bytting,fanquake,1
fanquake,janstary,1
MarcoFalke,ko3ak,1
ko3ak,laanwj,2
ko3ak,sipa,1
Jeans5,achow101,1
bytting,sipa,1
fresheneesz,sipa,14
bytting,fresheneesz,1
bytting,jimhashhq,1
jimhashhq,opacey,2
fresheneesz,jimhashhq,1
fresheneesz,opacey,1
Sjors,opacey,1
GrayedFox,Seccour,1
jli225,joshuayabut,1
TheBlueMatt,jli225,1
Victorsueca,globaltoken,1
NicolasDorier,jonasschnelli,4
NicolasDorier,globaltoken,1
globaltoken,matmaer,2
MeshCollider,globaltoken,2
NicolasDorier,laanwj,13
laanwj,zhci,1
jonasschnelli,zhci,2
MeshCollider,zhci,2
YG-FLUSH,zhci,1
YG-FLUSH,jonasschnelli,4
Patrickxzm,YG-FLUSH,1
GrumpyKiitty,Stasyanz,3
MarcoFalke,Stasyanz,1
FrozenPrincess,laanwj,2
FrozenPrincess,achow101,1
FrozenPrincess,jonasschnelli,1
FrozenPrincess,MarcoFalke,1
TheBlueMatt,jobsfan,6
MarcoFalke,jobsfan,2
jobsfan,laanwj,4
jobsfan,sdaftuar,1
laanwj,sdaftuar,19
TheBlueMatt,fresheneesz,2
achow101,globaltoken,7
KingfisherTao,achow101,1
dwasyluk,jonasschnelli,5
dwasyluk,fanquake,1
Empact,fanquake,2
fanquake,tofutim,1
Tokyonomaku,paveljanik,1
MarcoFalke,Tokyonomaku,4
Tokyonomaku,jonasschnelli,1
gmaxwell,luke-jr,19
gmaxwell,theuni,2
eklitzke,laanwj,2
globaltoken,ryanofsky,1
GrumpyKiitty,sipa,1
sipa,spencerlievens,3
lichtamberg,morcos,1
jonasschnelli,lichtamberg,1
jonasschnelli,morcos,7
TheBlueMatt,morcos,5
jonasschnelli,koalana,1
MarcoFalke,koalana,3
RavenZero,jonasschnelli,1
MarcoFalke,RavenZero,1
MarcoFalke,Mecanik,1
RHavar,morcos,23
Leviathn,gabrieldov,1
gabrieldov,laanwj,1
Benudek,paveljanik,1
Benudek,fanquake,1
BlockMechanic,thijstriemstra,1
TheCharlatan,thijstriemstra,1
jonasschnelli,muhammednagy,2
ABISprotocol,laanwj,3
ABISprotocol,Leviathn,1
kolesnevg,laanwj,1
flypaper0,jonasschnelli,1
dollardjm,jonasschnelli,1
MarcoFalke,dollardjm,3
dollardjm,laanwj,1
MeshCollider,dollardjm,1
MarcoFalke,systemeintegratedsolutions,2
sipa,zhiyan114,4
EddieOne,jonasschnelli,2
out0fmemory,paveljanik,1
jonasschnelli,out0fmemory,2
burningTyger,fanquake,1
jnewbery,paveljanik,8
jnewbery,shivaenigma,1
Owennnnnn,fanquake,3
Owennnnnn,jonasschnelli,2
laanwj,morcos,13
sipa,zottirik,1
MarcoFalke,zottirik,1
laanwj,vinyyoo,1
MarcoFalke,songtaoM,1
jonasschnelli,roddyofchina,3
karel-3d,roddyofchina,1
Leviathn,Smiggel,3
Smiggel,klfstl,1
jonasschnelli,klfstl,3
TheBlueMatt,pjtallon,3
GrumpyKiitty,pjtallon,2
donaloconnor,pjtallon,1
Sjors,donaloconnor,1
MeshCollider,Sjors,3
ftrader,jnewbery,5
ftrader,paveljanik,1
MarcoFalke,xianglanlan,3
Leviathn,MarcoFalke,4
Leviathn,xianglanlan,1
Sjors,xianglanlan,1
laanwj,xianglanlan,1
alafax,xianglanlan,3
alafax,jonasschnelli,1
Leviathn,jonasschnelli,1
kewde,luke-jr,1
dcousens,kewde,2
RHavar,instagibbs,3
MeshCollider,RHavar,1
MeshCollider,jnewbery,3
Pantau123,fanquake,1
paveljanik,sipa,15
dabura667,paveljanik,1
instagibbs,mcelrath,1
AllanDoensen,laanwj,4
sipa,theuni,8
AllanDoensen,fanquake,1
AllanDoensen,scutmarx,1
ghost,scutmarx,1
benhillis,laanwj,1
NicolasDorier,benhillis,1
NicolasDorier,theuni,2
theuni,tkaczorro,1
neobitz,tkaczorro,1
DarthJahus,neobitz,1
DarthJahus,rebroad,1
Nellacoin,fanquake,1
NicolasDorier,morcos,8
JokerCatz,morcos,6
JokerCatz,laanwj,6
dabura667,morcos,1
dabura667,instagibbs,1
MarcoFalke,instagibbs,2
MarcoFalke,cncr04s,1
cncr04s,instagibbs,3
JokerCatz,RHavar,1
JokerCatz,instagibbs,1
JokerCatz,cncr04s,1
instagibbs,ysangkok,1
JokerCatz,ysangkok,1
cncr04s,morcos,2
instagibbs,morcos,3
Safari77,morcos,4
JokerCatz,Safari77,1
Safari77,instagibbs,1
instagibbs,jonasschnelli,3
cncr04s,sipa,3
JokerCatz,MarcoFalke,4
jatarga,mariodian,1
jatarga,laanwj,1
GildedHonour,MarcoFalke,5
GildedHonour,sipa,10
GildedHonour,adilw3nomad,1
MarcoFalke,adilw3nomad,1
sipa,theochino,1
karel-3d,sipa,3
MarcoFalke,karel-3d,1
karel-3d,laanwj,1
KibbledJiveElkZoo,laanwj,1
JeremyRand,jonasschnelli,1
JeremyRand,laanwj,4
jonathancross,laanwj,4
UniversalBinary,laanwj,1
UniversalBinary,sipa,1
jlopp,laanwj,12
laanwj,paveljanik,71
jnewbery,kallewoof,1
MeshCollider,kallewoof,1
Demontf,laanwj,2
Drehschloss,paveljanik,1
Drehschloss,laanwj,1
cssxn,jonasschnelli,8
jonasschnelli,kobake,1
kobake,laanwj,1
cryptogenesis,jonasschnelli,1
MarcoFalke,cryptogenesis,1
MarcoFalke,morcos,10
dzimbeck,sipa,1
AKJ,laanwj,2
AKJ,MeshCollider,2
pinheadmz,promag,1
Sjors,pinheadmz,1
laanwj,sheldonth,2
TheBlueMatt,sheldonth,1
Leviathn,sheldonth,1
bitkevin,jnewbery,2
TheBlueMatt,bitkevin,6
achow101,paveljanik,3
MarcoFalke,pinheadmz,1
NicolasDorier,dooglus,1
btcontract,sipa,3
btcontract,laanwj,1
alafax,chandlerchao,2
alafax,laanwj,1
chandlerchao,laanwj,1
chandlerchao,sipa,1
alafax,sipa,1
alafax,mecampbellsoup,1
coinsmith,mecampbellsoup,1
coinsmith,sipa,2
Leviathn,coinsmith,1
laanwj,unk1911,2
TheBlueMatt,unk1911,1
unk1911,unsystemizer,1
mb300sd,sipa,1
MarcoFalke,botweb,1
laanwj,mmacedoeu,1
Celean,laanwj,2
Celean,TheBlueMatt,1
Celean,mmortal03,1
jnewbery,mmortal03,2
laanwj,pinheadmz,8
jameshilliard,laanwj,1
jameshilliard,sipa,3
FndNur1Labs,jonasschnelli,1
Smiggel,TheBlueMatt,1
Smiggel,laanwj,3
rattrap19,sipa,1
laanwj,rattrap19,1
MeshCollider,streamofstars,1
jamiewaltz,jnewbery,1
jamiewaltz,laanwj,1
dcousens,praxeology-guy,3
jonasschnelli,praxeology-guy,1
praxeology-guy,sipa,11
laanwj,praxeology-guy,1
dooglus,fanquake,2
luke-jr,praxeology-guy,1
MarcoFalke,keystrike,1
keystrike,laanwj,9
Smiggel,sipa,4
Smiggel,theuni,2
GameKyuubi,Smiggel,4
GameKyuubi,jnewbery,1
GameKyuubi,sipa,3
GameKyuubi,laanwj,2
Leviathn,cevap,1
jnewbery,luke-jr,5
gmaxwell,keystrike,5
kewde,laanwj,1
kewde,keystrike,3
gits7r,kewde,1
gits7r,laanwj,1
jonasschnelli,paveljanik,28
laanwj,quentinlesceller,1
paveljanik,quentinlesceller,2
TheBlueMatt,quentinlesceller,4
RHavar,stefment,1
Leviathn,RHavar,2
paveljanik,stefment,9
laanwj,stefment,4
TheBlueMatt,i-rme,1
MarcoFalke,i-rme,2
gmaxwell,i-rme,1
GameKyuubi,MarcoFalke,1
Bushstar,GameKyuubi,1
Bushstar,achillez,1
dcousens,fanquake,1
kirit93,laanwj,1
JeremyRubin,laanwj,3
JeremyRubin,sipa,1
jonasschnelli,kirillkovalenko,1
NicolasDorier,kirillkovalenko,1
kirillkovalenko,laanwj,4
ghost,jonasschnelli,16
MarcoFalke,possientis,1
possientis,sipa,1
Xekyo,jnewbery,1
paveljanik,unsystemizer,4
ghost,unsystemizer,7
ghost,rebroad,5
MarcoFalke,gmaxwell,7
jnewbery,vayvanne,3
sipa,vayvanne,4
ghost,rublev,1
ROBERT-MCDOWELL,sipa,3
ROBERT-MCDOWELL,ghost,1
laanwj,yield65,1
scottie,yield65,1
TheBlueMatt,ghost,10
jameshentai,jonasschnelli,1
MarcoFalke,jameshentai,1
achow101,ghost,8
ghost,globaltoken,3
gawaynX,globaltoken,3
beckdaipeng,gawaynX,1
beckdaipeng,globaltoken,1
globaltoken,wolfoxonly,2
JeremyRubin,jonasschnelli,3
sipa,stefment,1
flack,luke-jr,1
flack,ghost,1
Leviathn,ghost,1
Sjors,unsystemizer,2
testeriknl,unsystemizer,1
Sjors,testeriknl,2
fanquake,testeriknl,1
jonasschnelli,pratik91s,1
laanwj,pratik91s,1
argospam,ghost,1
gmaxwell,morcos,5
RHavar,gmaxwell,9
monochromec,unsystemizer,6
TheBlueMatt,monochromec,7
jnewbery,monochromec,2
morcos,theuni,3
MarcoFalke,PwnK,1
PwnK,theuni,1
jonasschnelli,practicalswift,1
isle2983,practicalswift,1
isle2983,kallewoof,1
eliotcougar,unsystemizer,2
TheBlueMatt,eliotcougar,1
eliotcougar,sipa,1
jnewbery,wodry,1
paveljanik,theuni,20
fanquake,jeremyreikes,1
jeremyreikes,jonasschnelli,1
achow101,bitkevin,1
fanquake,leto,1
laanwj,mezrin,1
morcos,sipa,4
gmaxwell,jonasschnelli,7
achow101,gmaxwell,4
gmaxwell,sipa,38
dcousens,gmaxwell,7
dcousens,laanwj,21
kvsari,laanwj,1
kvsari,sipa,1
MarcoFalke,drsaluml,2
drsaluml,sipa,2
drsaluml,jonasschnelli,1
dexX7,jonasschnelli,3
dexX7,unsystemizer,2
Jpja,dexX7,1
Jpja,sipa,1
MarcoFalke,robmcl4,1
robmcl4,unsystemizer,1
MarcoFalke,fightofthedog,9
fightofthedog,sipa,5
MeshCollider,unsystemizer,1
Frederic94500,fanquake,1
Frederic94500,jonasschnelli,6
Frederic94500,unsystemizer,2
FabioCarpi,MarcoFalke,8
FabioCarpi,sipa,1
MarcoFalke,da2ce7,1
jonasschnelli,sylvandb,2
dooglus,sylvandb,1
instagibbs,paveljanik,1
paveljanik,possientis,2
fanquake,paveljanik,8
chengc843988,gmaxwell,1
chengc843988,sipa,2
chengc843988,laanwj,1
MarcoFalke,chengc843988,1
morcos,rebroad,1
jonasschnelli,rebroad,7
btcdrak,jonasschnelli,2
btcdrak,laanwj,3
gmaxwell,rebroad,26
jnewbery,rebroad,1
laanwj,molxyz,4
laanwj,meatwas,1
MarcoFalke,almoharebh,2
Verserr,paveljanik,1
MarcoFalke,Verserr,2
paveljanik,sdaftuar,2
MarcoFalke,paveljanik,33
paveljanik,shouhuas,5
MarcoFalke,shouhuas,1
achow101,luke-jr,5
dcousens,rebroad,3
genk1,sipa,1
genk1,rebroad,2
jonasschnelli,lmlsna,2
fanquake,lmlsna,1
GSPP,rebroad,1
GSPP,laanwj,12
fflo,laanwj,3
MarcoFalke,fflo,1
dav91,jonasschnelli,1
dav91,fanquake,2
dav91,jnewbery,1
fanquake,gdvine,1
FLUXparticle,gdvine,1
FLUXparticle,TheBlueMatt,1
luke-jr,rebroad,6
guenter1952,jonasschnelli,1
guenter1952,laanwj,1
Bitoma,achow101,1
Bitoma,sipa,2
Leviathn,rebroad,3
Leviathn,venzen,1
rebroad,venzen,2
MarcoFalke,aniket-kumar,1
aniket-kumar,ghost,2
aniket-kumar,marvic41,1
DhinNeGeNe,fanquake,1
DhinNeGeNe,laanwj,2
DhinNeGeNe,wujun,1
Bitoma,laanwj,3
Bitoma,rebroad,2
Bitoma,MarcoFalke,1
dooglus,morcos,2
Leviathn,TheBlueMatt,1
laanwj,legends420,1
brackmayhall,legends420,1
MarcoFalke,brackmayhall,1
mariodian,sipa,2
JohnDoesnt,luke-jr,3
dcousens,sipa,10
kazcw,sturles,2
dooglus,kazcw,4
kazcw,pstratem,1
pstratem,sturles,1
joshafest,kazcw,1
Hanslo,kazcw,1
Hanslo,fanquake,1
Real-Duke,joshafest,1
Real-Duke,fanquake,1
rebroad,unsystemizer,3
unsystemizer,vogelito,1
rebroad,vogelito,6
sipa,vogelito,1
sipa,unsystemizer,1
TheBlueMatt,vogelito,1
TheBlueMatt,rebroad,5
laanwj,vogelito,2
Leviathn,laanwj,1
Leviathn,vogelito,1
brijananand,luke-jr,2
MrChrisJ,TheBlueMatt,1
MrChrisJ,mruddy,1
laanwj,mruddy,5
knoxcard,luke-jr,2
MarcoFalke,dougstrong77,1
TheBlueMatt,vcatao,1
achow101,vcatao,1
achow101,linkp,1
TheBlueMatt,linkp,1
laanwj,linkp,2
linkp,talklittle,1
talklittle,vcatao,1
linkp,vcatao,1
jonasschnelli,pedrobranco,2
pedrobranco,ryanofsky,1
EthanHeilman,paveljanik,3
EthanHeilman,laanwj,1
bclermont,fanquake,1
Ayms,achow101,1
achow101,morcos,1
diadal,jonasschnelli,5
diadal,jnewbery,5
diadal,sipa,1
laanwj,mohamedfawzy96,5
MarcoFalke,mohamedfawzy96,1
MarcoFalke,jackson-sandland,1
jackson-sandland,laanwj,1
laanwj,xingfeT,1
fanquake,jeffrade,2
paveljanik,rebroad,4
jdevora,mruddy,1
jdevora,laanwj,1
petertodd,sdaftuar,2
3s3s,laanwj,1
3s3s,jonasschnelli,4
3s3s,knoxcard,1
fanquake,knoxcard,1
kazcw,laanwj,7
charlesfries,rebroad,1
FabioCarpi,fanquake,1
FabioCarpi,jonasschnelli,4
MarcoFalke,Poseidonn77,3
Poseidonn77,sipa,1
da2ce7,laanwj,2
Zenitur,paveljanik,5
Zenitur,sipa,2
laanwj,petertodd,6
jgarzik,petertodd,2
jgarzik,sipa,43
jonasschnelli,s-tikhomirov,1
petertodd,s-tikhomirov,1
petertodd,sysmanalex,2
cdecker,petertodd,1
fanquake,lovecodelc,2
RCasatta,fanquake,1
RCasatta,Thirudhas,1
Thirudhas,fanquake,1
laanwj,lovecodelc,2
drake127,laanwj,3
drake127,fanquake,1
Real-Duke,sipa,1
MarcoFalke,Real-Duke,2
0xfff,achow101,3
0xfff,davecgh,1
davecgh,laanwj,4
caiqinghua,jonasschnelli,1
laanwj,layershifter,2
FrozenPrincess,RHavar,1
RHavar,ryanofsky,2
gmaxwell,jeffrade,1
masaoliou,paveljanik,6
JustinTArthur,paveljanik,1
JustinTArthur,ken2812221,2
droark,josephbisch,1
droark,luke-jr,3
fanquake,wbchen99,3
droark,wbchen99,1
droark,fanquake,3
Ayms,jonasschnelli,3
martin-lizner,sipa,3
Ayms,martin-lizner,1
MarcoFalke,afk11,1
Ayms,afk11,1
Ayms,rebroad,4
Ayms,Poseidonn77,1
Poseidonn77,laanwj,1
droark,moonss777,1
eMosbat,moonss777,1
eMosbat,laanwj,1
Bushstar,laanwj,1
Bushstar,sipsorcery,1
laanwj,shereda,1
shereda,sipsorcery,2
MarcoFalke,shereda,1
TheBlueMatt,daira,1
TheBlueMatt,btcdrak,1
knoxcard,laanwj,2
laanwj,leegod,1
leegod,potadibyo,1
potadibyo,suiguangye,1
dagurval,sdaftuar,2
MarcoFalke,dagurval,1
Ayms,dcousens,1
knaperek,paveljanik,3
mrwhythat,sdaftuar,1
MarcoFalke,mrwhythat,1
CannotCompileBitcoinOnDebian,jonasschnelli,1
jcomeauictx,laanwj,1
fanquake,jcomeauictx,2
achow101,alkulp,1
instagibbs,luke-jr,1
GSPP,jgarzik,1
GSPP,sipa,8
GSPP,jonasschnelli,4
laanwj,pedrobranco,1
JornC,jonasschnelli,1
JornC,MarcoFalke,2
JornC,luke-jr,2
btcdrak,theuni,2
btcdrak,fanquake,1
EagleTM,MarcoFalke,1
EagleTM,tigusoft-vm,1
laanwj,tigusoft-vm,1
LongShao007,jonasschnelli,12
sipa,venzen,2
sipa,webdeli,1
petertodd,sipa,8
MarcoFalke,petertodd,1
gmaxwell,sdaftuar,2
gmaxwell,ntpd,1
maaku,ntpd,1
maaku,sipa,1
NicolasDorier,wbchen99,3
sstone,wbchen99,6
laanwj,wbchen99,1
TheKogs,laanwj,1
MarcoFalke,wodry,1
luke-jr,wodry,1
jameshilliard,luke-jr,2
gandrewstone,jameshilliard,2
achow101,jameshilliard,1
dagurval,luke-jr,1
dagurval,laanwj,1
laanwj,zander,4
gmaxwell,zander,2
achow101,zander,1
achow101,kanzure,1
kanzure,krisives,1
gandrewstone,krisives,1
gandrewstone,laanwj,1
jns4u,laanwj,1
jns4u,unsystemizer,1
laanwj,monkeyDemon,1
monkeyDemon,softwareguycoder,1
Leviathn,sipa,2
MarcoFalke,bitkevin,1
johnjacksonbtc,luke-jr,2
theuni,unsystemizer,4
jonasschnelli,sdaftuar,7
adamierymenko,laanwj,1
adamierymenko,gits7r,1
gits7r,rebroad,1
gercio,ghost,2
Sjors,gercio,1
JeremyRubin,fanquake,1
JeremyRubin,MarcoFalke,3
sipa,wkbaran,4
NicolasDorier,wkbaran,7
NicolasDorier,rebroad,1
MarcoFalke,wkbaran,3
brandondahler,wkbaran,1
GSPP,brandondahler,1
GSPP,chumlee06,1
harding,jonasschnelli,2
jl2012,wkbaran,2
laanwj,platedodev,2
laanwj,pstratem,8
mmortal03,sipa,2
laanwj,mdance,3
mdance,sipa,3
MarcoFalke,mdance,1
achow101,mdance,2
jonasschnelli,mdance,2
MarcoFalke,altar13,3
altar13,joaopaulofonseca,1
MarcoFalke,joaopaulofonseca,1
mrwhythat,opg7371,1
fanquake,opg7371,1
jonasschnelli,maiiz,6
gmaxwell,maiiz,1
NicolasDorier,Panzzy,1
MarcoFalke,Panzzy,1
ghost,pstratem,6
MarcoFalke,areur3ady,6
MarcoFalke,ofry,1
laanwj,ofry,1
areur3ady,laanwj,1
Ewan-S,areur3ady,1
Ewan-S,ZhiweiWang,1
pstratem,throckmortonsign,2
laanwj,throckmortonsign,1
jonasschnelli,throckmortonsign,1
theuni,throckmortonsign,1
pstratem,theuni,1
ghost,sdaftuar,3
chjj,petertodd,1
chjj,sdaftuar,1
jl2012,sdaftuar,1
danra,jl2012,1
ayeowch,theuni,2
Sjors,da2ce7,1
TheBlueMatt,flack,1
error10,laanwj,2
error10,sdaftuar,1
sdaftuar,theuni,2
error10,theuni,5
Earlz,laanwj,1
Earlz,error10,1
benjyz,sipa,3
benjyz,laanwj,11
grant-olson,laanwj,1
MarcoFalke,grant-olson,1
droark,theuni,1
JokerCatz,sipa,1
jonasschnelli,micressor,1
BitWaspBitWasp,MarcoFalke,4
laanwj,macdasi,5
MarcoFalke,macdasi,2
drbsci,laanwj,1
drbsci,pstratem,2
Tyler-Hardin,drbsci,1
TheBlueMatt,Tyler-Hardin,1
TheBlueMatt,achow101,1
jonasschnelli,p3yot3,1
laanwj,p3yot3,4
p3yot3,sipa,3
laanwj,vadipp,1
andrejpodzimek,vadipp,1
andrejpodzimek,liori,1
gmaxwell,liori,2
Varunram,fanquake,2
shangzhou,sipa,1
davidmanheim,laanwj,1
MarcoFalke,davidmanheim,1
laanwj,nathaniel-mahieu,2
droark,thijstriemstra,1
MeshCollider,droark,1
boondogger,jonasschnelli,3
d3spwn,fanquake,1
ChoHag,fanquake,1
ChoHag,laanwj,1
da2ce7,jonasschnelli,1
da2ce7,luke-jr,6
da2ce7,midnightmagic,1
jonasschnelli,midnightmagic,1
laanwj,sgeron,1
jguitton,sgeron,1
jguitton,jonasschnelli,3
elichai,sipa,3
elichai,luke-jr,1
JokerCatz,djpnewton,1
JokerCatz,jonasschnelli,4
pstratem,tomatemozarella,3
sipa,tomatemozarella,6
MarcoFalke,tomatemozarella,4
ScroogeMcDuckButWithBitcoin,luke-jr,3
ScroogeMcDuckButWithBitcoin,petertodd,4
mbarulli,petertodd,2
dexX7,petertodd,2
dexX7,sipa,6
hoffmabc,luke-jr,1
hoffmabc,pstratem,1
ScroogeMcDuckButWithBitcoin,pstratem,1
petertodd,pstratem,2
gmaxwell,pstratem,3
ScroogeMcDuckButWithBitcoin,gmaxwell,1
dexX7,luke-jr,3
luke-jr,petertodd,2
ScroogeMcDuckButWithBitcoin,dexX7,1
dexX7,f139975,1
f139975,laanwj,1
jonasschnelli,kcb4348,2
kcb4348,laanwj,1
Tyler-Hardin,jonasschnelli,1
Tyler-Hardin,laanwj,1
Tyler-Hardin,mkae,1
jonasschnelli,mkae,1
binarykitchen,pstratem,2
kanoi,sipa,7
b3mb4m,sipa,1
Michagogo,PRabahy,1
StrammerMax93,kazcw,2
jonasschnelli,kazcw,1
gtozzi,jonasschnelli,2
ayeowch,laanwj,1
btcdrak,jl2012,1
LongShao007,jl2012,1
LongShao007,sipa,3
jonasschnelli,redfly001,1
joshafest,redfly001,1
chenluyong,joshafest,1
chenluyong,sakurashiki,1
lukassaul,sakurashiki,1
averissimo,lukassaul,1
averissimo,scottie,1
bboot,scottie,1
kirkalx,laanwj,2
GreenReaper,jonasschnelli,1
GreenReaper,MarcoFalke,1
MarcoFalke,chpio,1
chpio,laanwj,1
jonasschnelli,kirkalx,1
blue-onyx,paveljanik,10
blue-onyx,laanwj,1
achow101,blue-onyx,1
jonasschnelli,lyle-nel,1
lyle-nel,sipa,1
gmaxwell,lyle-nel,1
achow101,btcdrak,1
btcdrak,dooglus,1
21E14,paveljanik,3
21E14,promag,1
laanwj,mrwhythat,4
droark,mrwhythat,2
laanwj,onurakdemir,2
jabware,jonasschnelli,1
jabware,mhamaddaher,1
MarcoFalke,mhamaddaher,1
MarcoFalke,y,2
MarcoFalke,btcdrak,1
btcdrak,wumpus,1
luke-jr,wumpus,1
alexreg,kirkalx,2
alexreg,laanwj,1
GSPP,paveljanik,2
GSPP,dcousens,1
alexreg,paveljanik,4
alexreg,theuni,6
alexreg,jonasschnelli,3
jonasschnelli,mizhang,3
MarcoFalke,mizhang,2
kirkalx,rebroad,1
MarcoFalke,kirkalx,2
mizhang,paveljanik,4
sipa,trevelocity,1
dragongem45,laanwj,1
MichelChouinard,jonasschnelli,1
MichelChouinard,laanwj,1
MichelChouinard,fanquake,1
dcousens,promag,1
pavimus,sipa,6
MarcoFalke,pavimus,3
MarcoFalke,stas730,2
sipa,stas730,2
JokerCatz,promag,1
JokerCatz,paveljanik,2
achow101,eriksank,1
eriksank,sipa,1
luke-jr,luzuluzu,1
destenson,luzuluzu,1
Reddog6714,destenson,1
Reddog6714,laanwj,1
luzuluzu,sipa,1
jorijnsmit,sipa,1
jbakis,sipa,1
MarcoFalke,jbakis,5
droark,laanwj,7
MarcoFalke,droark,2
danieleTrimarchi,paveljanik,3
Levino,laanwj,9
Levino,ayeowch,1
BitcoinUser2016,MarcoFalke,2
BitcoinUser2016,sipa,3
BitcoinUser2016,laanwj,1
bittylicious,laanwj,2
BitcoinUser2016,morcos,1
btcdrak,jonathancross,1
laanwj,tzofeolam,2
diegoviola,tzofeolam,1
HenryBarton,diegoviola,1
dcousens,kirkalx,1
laanwj,maaku,2
dexX7,maaku,1
MarcoFalke,dexX7,2
NicolasDorier,chris-belcher,1
NicolasDorier,Xekyo,1
Leviathn,Xekyo,1
RachelPriss,rebroad,1
RachelPriss,jonasschnelli,1
laanwj,lamar8,4
Mikestang,laanwj,4
Mikestang,lamar8,1
achow101,lamar8,1
MarcoFalke,tzofeolam,1
HenryBarton,Mikestang,1
HenryBarton,laanwj,1
laanwj,venzen,1
CraniumDad,MarcoFalke,1
CraniumDad,laanwj,3
CraniumDad,jonasschnelli,2
RHavar,Xekyo,1
MarcoFalke,Xekyo,4
RHavar,luke-jr,1
RHavar,rebroad,2
Xekyo,rebroad,2
Xekyo,laanwj,4
Xekyo,morcos,1
MarcoFalke,subSTRATA,3
MeshCollider,subSTRATA,1
jonasschnelli,mruddy,1
chriswheeler,laanwj,2
AliceWonderMiscreations,paveljanik,6
AliceWonderMiscreations,jonasschnelli,1
AliceWonderMiscreations,laanwj,4
AliceWonderMiscreations,jameshilliard,1
Nolaan,jameshilliard,1
AliceWonderMiscreations,Nolaan,1
gmaxwell,raedah,1
Chaz27,pstratem,1
Chaz27,laanwj,1
jonasschnelli,message,1
MarcoFalke,message,3
jameshilliard,zander,2
jameshilliard,johnjacksonbtc,1
johnjacksonbtc,sipa,2
johnjacksonbtc,rebroad,1
boondogger,unsystemizer,1
MarcoFalke,dragongem45,1
d3spwn,dragongem45,1
gmaxwell,mruddy,4
mruddy,rebroad,2
laanwj,martinschwarz,2
jonasschnelli,sthen,1
paveljanik,sthen,1
luke-jr,p3yot3,1
ak9250,luke-jr,1
ak9250,jonasschnelli,1
atweiden,paveljanik,5
atweiden,laanwj,1
morcos,nomnombtc,1
laanwj,watashikokoto,4
unsystemizer,watashikokoto,1
sipa,watashikokoto,1
PRabahy,watashikokoto,1
PRabahy,laanwj,7
dragosbdi,laanwj,1
dragosbdi,paveljanik,1
laanwj,ruimarinho,1
ruimarinho,sipa,1
dotgodly,paveljanik,10
dotgodly,laanwj,1
awemany,laanwj,4
awemany,ftrader,1
ftrader,laanwj,1
awemany,gmaxwell,1
laanwj,saracen,5
MarcoFalke,saracen,2
achow101,saracen,5
luke-jr,mkabatek,1
laanwj,mkabatek,2
laanwj,themighty1,5
sipa,themighty1,1
dcousens,jafaber,1
jafaber,unsystemizer,1
mrbandrews,unsystemizer,1
gmaxwell,mmortal03,1
laanwj,midnightmagic,2
dcousens,petertodd,5
pstratem,sipa,8
pinheadmz,pstratem,3
pinheadmz,seandotau,2
JokerCatz,pinheadmz,1
ericshawlinux,jonasschnelli,3
ericshawlinux,paveljanik,1
Chaintool,laanwj,2
instagibbs,sipa,1
anto,laanwj,2
jarret,laanwj,5
MarcoFalke,jarret,1
jarret,rebroad,3
GIJensen,laanwj,7
kleetus,sipa,2
kleetus,laanwj,3
jlopp,sdaftuar,2
MarcoFalke,pstratem,6
jonasschnelli,prusnak,8
dcousens,jgarzik,2
jgarzik,luke-jr,13
luke-jr,paveljanik,3
elfring,laanwj,8
catilac,laanwj,1
MarcoFalke,catilac,1
elfring,jonasschnelli,2
jonasschnelli,simplex409,1
pstratem,simplex409,2
simplex409,unsystemizer,1
PRabahy,achow101,2
laanwj,yuilleb,2
bityogi,yuilleb,2
bgorlick,yuilleb,2
jarret,theuni,1
bityogi,laanwj,1
MarcoFalke,bityogi,1
MarcoFalke,nomnombtc,1
jonasschnelli,nomnombtc,2
nomnombtc,sipa,2
dskloet,laanwj,1
MarcoFalke,dskloet,2
bityogi,jonasschnelli,2
21E14,laanwj,12
Zwilla,jonasschnelli,2
Zwilla,laanwj,1
Xekyo,pstratem,4
MarcoFalke,mrbandrews,1
PRabahy,jonasschnelli,2
MarcoFalke,PRabahy,1
MarcoFalke,craig131,1
craig131,laanwj,1
CraniumDad,achow101,1
GIJensen,jonasschnelli,1
laanwj,mrbandrews,1
achow101,mrbandrews,1
photis,unsystemizer,2
luke-jr,seweso,1
jonasschnelli,seweso,1
seweso,sipa,1
dcousens,seweso,2
laanwj,seweso,5
CryptAxe,tdaede,2
jonasschnelli,ppdac,4
kanzure,zookozcash,1
jonasschnelli,kanzure,2
jonasschnelli,zookozcash,1
NicolasDorier,zookozcash,1
jonasschnelli,zooko,1
21E14,TheBlueMatt,2
21E14,jonasschnelli,1
Giszmo,pstratem,2
Giszmo,paveljanik,2
luke-jr,mmitech,1
luke-jr,pstratem,2
jonasschnelli,pstratem,2
jonasschnelli,stevenroose,3
MarcoFalke,ciyam,5
ciyam,jonasschnelli,1
ciyam,sipa,30
ciyam,luke-jr,2
sipa,smurfix,1
jonasschnelli,smurfix,1
DavidVorick,MarcoFalke,1
DavidVorick,sipa,1
JeremyRand,luke-jr,3
JeremyRand,theuni,5
doged,luke-jr,1
MarcoFalke,doged,7
doged,theuni,1
GSPP,pstratem,1
GSPP,tulip0,2
GSPP,ghost,2
Ano59,tulip0,1
Ano59,pstratem,2
Ano59,OldGamer59,1
OldGamer59,ghost,1
daf121,jonasschnelli,2
bom64,jonasschnelli,1
MarcoFalke,bom64,2
LongShao007,ghost,1
LongShao007,luke-jr,1
LongShao007,dabura667,1
MarcoFalke,dabura667,4
dabura667,luke-jr,4
dabura667,sipa,3
dabura667,laanwj,3
Xekyo,dabura667,1
GSPP,luke-jr,1
GSPP,hamiltino,1
NicolasDorier,hamiltino,1
EthanBianchi,NicolasDorier,1
EthanBianchi,GSPP,1
GSPP,NicolasDorier,2
GSPP,gmaxwell,1
gmaxwell,marienuac,1
GSPP,marienuac,1
Kimax89,jonasschnelli,1
Kimax89,tulip0,3
luke-jr,tulip0,2
dcousens,luke-jr,4
Kimax89,dcousens,1
Kimax89,luke-jr,1
laanwj,tulip0,1
Kimax89,laanwj,1
MarcoFalke,tnull,2
jonasschnelli,tnull,1
laanwj,polkovnikov-ph,1
Kimax89,polkovnikov-ph,1
Kimax89,sipa,1
feathercoin2,laanwj,2
feathercoin2,jonasschnelli,3
MarcoFalke,feathercoin2,1
laanwj,raedah,8
laanwj,ovidiu26claudiu,5
MarcoFalke,ovidiu26claudiu,5
MeshCollider,pstratem,1
Leviathn,MeshCollider,1
NicolasDorier,sdaftuar,1
morcos,sdaftuar,2
NicolasDorier,jtimon,2
jtimon,morcos,1
btcdrak,morcos,1
btcdrak,jtimon,1
NicolasDorier,btcdrak,1
eliot1785,jonasschnelli,1
eliot1785,tnull,1
laanwj,tnull,1
LongShao007,laanwj,4
angjelo,parazyd,7
angjelo,jonasschnelli,2
laanwj,msgilligan,6
fanquake,msgilligan,1
glondu,sipa,1
glondu,jgarzik,2
glondu,luke-jr,1
fturco,jonasschnelli,5
MarcoFalke,fturco,1
Hanslo,luke-jr,1
jonasschnelli,kirai,4
kirai,paveljanik,1
kirai,laanwj,1
gmaxwell,prusnak,3
dcousens,theuni,1
laanwj,vindicatorr,12
MarcoFalke,vindicatorr,4
ghost,theuni,14
MarcoFalke,electricarrows0,4
electricarrows0,laanwj,2
electricarrows0,jonasschnelli,2
jonasschnelli,raedah,1
asfin,jonasschnelli,1
asfin,laanwj,2
MarcoFalke,asfin,7
kalgecin,sipa,5
kalgecin,luke-jr,1
fanquake,lasseleegaard,1
MarcoFalke,lasseleegaard,3
laanwj,lasseleegaard,4
crackfoo,laanwj,4
laanwj,miguelmorales85,2
bigcoinme,jonasschnelli,1
paveljanik,ptschip,7
jonasschnelli,ptschip,10
doged,laanwj,1
MarcoFalke,ptschip,4
laanwj,ptschip,4
laanwj,veqtrus,1
MarcoFalke,veqtrus,1
CodeShark,petertodd,3
CodeShark,pstratem,1
luke-jr,sdaftuar,4
dthorpe,laanwj,1
dthorpe,sipa,2
MarcoFalke,dthorpe,1
jlopp,pstratem,4
jlopp,paveljanik,9
jlopp,sipa,2
jfeldis,paveljanik,1
jfeldis,jonasschnelli,1
gmaxwell,jgarzik,11
jgarzik,paveljanik,2
gmaxwell,paveljanik,2
jgarzik,jonasschnelli,5
dcousens,jlopp,2
6coind,laanwj,1
laanwj,shadowsjack,2
jonasschnelli,shadowsjack,1
shadowsjack,unsystemizer,3
arisAlexis,paveljanik,1
MarcoFalke,jonathancross,1
IvanaSu,jonasschnelli,1
IvanaSu,paveljanik,1
eN0Rm,laanwj,5
eN0Rm,sipa,1
dexX7,laanwj,20
TheBlueMatt,pstratem,2
TheBlueMatt,older-c-coder,1
jtoomim,older-c-coder,1
jtoomim,morcos,2
jtoomim,laanwj,1
jtoomim,pstratem,1
flound1129,jtoomim,3
TheBlueMatt,flound1129,5
flound1129,sipa,2
TheBlueMatt,jameshilliard,1
jameshilliard,jtoomim,2
MarcoFalke,jameshilliard,1
josephbisch,kapiliitr,7
dexX7,ghost,2
PRabahy,dcousens,2
hwinkler,laanwj,1
PRabahy,hwinkler,1
jonasschnelli,petertodd,2
dcousens,wwortel,7
pstratem,wwortel,2
federicobond,jonasschnelli,1
Diapolo,vayvanne,2
laanwj,vayvanne,4
NicolasDorier,vayvanne,4
OverlordQ,paveljanik,13
OverlordQ,sipa,3
Diapolo,laanwj,410
lovesh,venzen,1
lovesh,paveljanik,14
MarcoFalke,lovesh,1
lovesh,theuni,12
jonasschnelli,kalgecin,2
allthingsgo,jonasschnelli,1
allthingsgo,kalgecin,1
kalgecin,paveljanik,7
paveljanik,supere989,1
MarcoFalke,supere989,1
MarcoFalke,josephnicholas,2
TheBlueMatt,paveljanik,3
TheBlueMatt,nextgenthemes,4
laanwj,nextgenthemes,1
gmaxwell,wamoyo,1
dexX7,pstratem,1
jmcorgan,jonasschnelli,1
jmcorgan,laanwj,4
gerbilOFdoom,sipa,3
gerbilOFdoom,laanwj,2
pstratem,sdaftuar,1
0x9F,sipa,1
dexX7,theuni,1
Mellnik,abitfan,1
Mellnik,laanwj,3
MeshCollider,morcos,2
laanwj,ongygy2000,1
dakk,dcousens,1
dakk,jgarzik,1
kanzure,sipa,1
dcousens,kanzure,1
dcousens,maaku,1
kanzure,maaku,2
ABISprotocol,morcos,1
jonathancross,morcos,1
jonathancross,luke-jr,1
luke-jr,morcos,1
MarcoFalke,codebox,1
codebox,tomsw6,1
jonasschnelli,tomsw6,4
PRabahy,Rav3nPL,1
jgarzik,laanwj,62
NikolaMandic,laanwj,3
NikolaMandic,sipa,2
dcousens,pinheadmz,1
dukati,pinheadmz,1
PJUllrich,dukati,1
jonasschnelli,misterdna,4
laanwj,misterdna,1
jamesob,jgarzik,2
jamesob,luke-jr,1
jamesob,sipa,4
jamesob,pstratem,2
jgarzik,pstratem,1
dcousens,jamesob,1
bol-van,laanwj,5
laanwj,wtogami,9
bol-van,wtogami,1
MeshCollider,jameshilliard,1
jonasschnelli,tarukosu,1
laanwj,tarukosu,3
jamesob,tarukosu,1
maiiz,peterwillcn,1
laanwj,peterwillcn,1
casey,laanwj,6
isislovecruft,laanwj,2
laanwj,lunokhod,5
lunokhod,sipa,1
apoelstra,jonasschnelli,2
evGUzQIEQaL4,petertodd,5
TheBlueMatt,evGUzQIEQaL4,2
casey,dcousens,1
Diapolo,dcousens,2
domob1812,jonasschnelli,3
dcousens,domob1812,1
domob1812,jgarzik,3
gavinandresen,ptschip,2
gavinandresen,sipa,54
demagumd,jonasschnelli,2
jonasschnelli,rnicoll,4
TheBlueMatt,rnicoll,2
TheBlueMatt,demagumd,1
demagumd,venzen,1
luke-jr,venzen,1
ajweiss,luke-jr,2
TheBlueMatt,ajweiss,1
ptschip,sipa,2
ptschip,theuni,1
gmaxwell,rnicoll,1
luke-jr,rnicoll,1
luke-jr,wtogami,3
gmaxwell,wtogami,6
jonasschnelli,wtogami,1
paveljanik,petertodd,1
paveljanik,rnicoll,1
gavelino,rnicoll,1
TheBlueMatt,gavinandresen,15
TheBlueMatt,dexX7,1
dexX7,posita,1
MarcoFalke,posita,3
gavinandresen,laanwj,72
MarcoFalke,gavinandresen,1
morcos,posita,1
paveljanik,posita,1
TheBlueMatt,hno,4
hno,sipa,2
Weax,laanwj,1
Weax,jorisbontje,1
TheBlueMatt,jorisbontje,1
rnicoll,sipa,1
jorisbontje,sipa,3
Mikadily,jorisbontje,1
Mikadily,miguelmorales85,1
jorisbontje,miguelmorales85,2
chuacw,miguelmorales85,2
jgarzik,miguelmorales85,2
artisbigshirts,miguelmorales85,2
miguelmorales85,sipa,4
miguelmorales85,santzi,1
santzi,trevelocity,1
trevelocity,z0rg1nc,1
desci,z0rg1nc,1
desci,jloughry,1
ethought,jloughry,1
desci,ethought,1
desci,laanwj,1
cornwarecjp,laanwj,1
cornwarecjp,giacecco,1
giacecco,lostcodder,1
lostcodder,netzstrand,1
jloughry,netzstrand,1
jloughry,whitslack,1
hamiltino,whitslack,1
Leviathn,hamiltino,1
kanoi,luke-jr,5
kanoi,laanwj,2
Drakonadrgora,laanwj,1
Drakonadrgora,rickycrand,1
dcousens,rickycrand,2
miguelmorales85,rickycrand,1
bluikko,laanwj,2
ajweiss,jonasschnelli,2
ajweiss,laanwj,7
TheBlueMatt,casey,2
casey,theuni,1
jonasschnelli,ponlapak,3
GoodMirek,laanwj,3
GoodMirek,sipa,3
GoodMirek,martyzigman,1
laanwj,martyzigman,1
GreenReaper,laanwj,1
ChainQuery,MarcoFalke,2
PhoenixFS,laanwj,1
Lokutos,ghost,2
Lokutos,mkabatek,1
Lokutos,laanwj,1
chaosgrid,ghost,1
chaosgrid,j04gd2h5h,1
j04gd2h5h,laanwj,1
hno,jonasschnelli,1
casey,jonasschnelli,2
ShawnKimble,laanwj,1
ShawnKimble,jonasschnelli,2
ajweiss,sipa,2
ajweiss,rebroad,1
fresheneesz,rebroad,1
Sjors,fresheneesz,1
2083236893,JustinDrake,1
2083236893,sime,1
jonasschnelli,sime,2
luke-jr,sime,1
laanwj,sime,4
LaurentMT,laanwj,3
LaurentMT,sipa,2
LaurentMT,dthorpe,1
dthorpe,kanzure,3
laanwj,sapeish,1
Klakurka,sapeish,1
Klakurka,paveljanik,1
Klakurka,theuni,1
Klakurka,MarcoFalke,1
theuni,yangliw3,1
laanwj,yangliw3,2
Zenitur,yangliw3,1
Zenitur,kuzyakiev,1
laanwj,zebra21,2
MeshCollider,luke-jr,1
abusafwan,laanwj,3
Diapolo,abusafwan,2
MarcoFalke,abusafwan,4
abusafwan,fanquake,1
jonasschnelli,thallium205,1
ajweiss,thallium205,2
laanwj,thallium205,1
laanwj,tuxmaster,1
ghost,tuxmaster,1
jonasschnelli,lontivero,1
Bushstar,theuni,1
embiimob,luke-jr,1
embiimob,sipa,1
haraldh,luke-jr,3
ers35,laanwj,2
laanwj,seigneur,7
Gabrola,laanwj,2
Sjors,sdaftuar,1
Geremia,laanwj,1
Diapolo,luke-jr,40
luke-jr,stephenhutchings,2
chriswheeler,fanquake,1
drunkwolfs,laanwj,3
fanquake,ongygy2000,1
MarcoFalke,ongygy2000,1
stevenwagner,theuni,1
laanwj,stevenwagner,4
laanwj,primezeta,1
jonasschnelli,pennyfx,1
pennyfx,wtogami,1
ddehueck,jonasschnelli,1
aakilfernandes,paveljanik,1
aakilfernandes,sipa,1
aakilfernandes,jonasschnelli,2
aceriou,jonasschnelli,1
aceriou,ddehueck,2
aceriou,jgarzik,4
aceriou,luke-jr,1
aceriou,paveljanik,1
paveljanik,vinniefalco,1
luke-jr,vinniefalco,1
NicolasDorier,aceriou,1
chris-belcher,laanwj,1
ABISprotocol,chris-belcher,3
ABISprotocol,MeshCollider,1
MrKrzYch00,laanwj,2
chronicbitcoin,laanwj,1
buana,fanquake,1
buana,laanwj,1
laanwj,welshjf,7
theuni,welshjf,2
jonasschnelli,welshjf,2
Diapolo,jonasschnelli,32
Diapolo,fanquake,17
fanquake,welshjf,1
boltronics,welshjf,1
ripper234,welshjf,1
LongShao007,ShapeShifter499,1
Diapolo,gavinandresen,40
laanwj,vegard,1
unsystemizer,vegard,1
l0rb,laanwj,1
MarcoFalke,l0rb,1
kanzure,laanwj,2
gavinandresen,jonasschnelli,11
21E14,theuni,1
randy-waterhouse,sipa,1
laanwj,randy-waterhouse,1
droark,jeaye,2
dcousens,jeaye,1
jeaye,luke-jr,1
Diapolo,fresheneesz,3
fresheneesz,theuni,8
fanquake,fresheneesz,1
fanquake,stijnsanders,1
laanwj,stijnsanders,2
jonasschnelli,mikehearn,2
SergioDemianLerner,laanwj,4
BitpopCoin,jonasschnelli,7
BitpopCoin,sdaftuar,3
BitpopCoin,ajweiss,4
BitpopCoin,laanwj,4
laanwj,yokesh351,1
promag,yokesh351,2
jgarzik,ondra-novak,2
gavinandresen,ondra-novak,1
gavinandresen,luke-jr,23
luke-jr,ondra-novak,8
laanwj,ondra-novak,2
PetrGasparik,ondra-novak,1
PetrGasparik,paveljanik,1
ondra-novak,sipa,4
book89,jonasschnelli,5
book89,laanwj,2
book89,gabridome,1
gabridome,yokesh351,1
DanielFragaBR,laanwj,1
itoffshore,theuni,6
GameKyuubi,itoffshore,1
GameKyuubi,lacksfish,1
aatheus,lacksfish,1
gavinandresen,ricgoto,1
fanquake,micromaomao,1
eriksank,laanwj,1
eriksank,wtogami,5
paveljanik,wtogami,1
eriksank,paveljanik,1
MeshCollider,eriksank,2
auryn-macmillan,laanwj,1
capitalDIGI,paveljanik,9
wtogami,y,2
cheako,wtogami,1
MeshCollider,cheako,1
laanwj,nkrowlan,3
jonasschnelli,vayvanne,3
Diapolo,dexX7,1
dexX7,vayvanne,1
theuni,vayvanne,1
sinetek,theuni,2
laanwj,sinetek,3
secunoid,sipa,2
Alex-Linhares,secunoid,2
easye,theuni,1
bitcartel,sipa,1
bitcartel,laanwj,1
hamnaz,laanwj,1
ethernomad,jonasschnelli,1
cheako,laanwj,1
cig0,dexX7,1
ajweiss,cig0,1
ajweiss,gappleto97,5
cig0,gappleto97,1
gappleto97,sipa,1
gavinandresen,jl2012,1
jl2012,sipa,2
gappleto97,jl2012,1
gappleto97,laanwj,1
Diapolo,patricksavalle,2
kaotisk-hund,luke-jr,1
colinkelly,sipa,2
apoloval,laanwj,2
luke-jr,promag,1
CryptAxe,jonasschnelli,1
TheBlueMatt,tuxayo,1
laanwj,tuxayo,1
b6393ce9-d324-4fe1-996b-acf82dbc3d53,fanquake,1
sipa,yampi1,1
josephbisch,nullpt,1
devrandom,nullpt,2
captainhao,gavinandresen,1
laanwj,zefir-k,1
rebroad,zefir-k,1
feathercoin2,rebroad,1
Diapolo,fsb4000,1
fsb4000,jonasschnelli,3
jonasschnelli,tuxmaster,14
Diapolo,microcai,1
jprichardson,luke-jr,1
jprichardson,sipa,3
jprichardson,neocogent,1
neocogent,sipa,1
jonasschnelli,microcai,6
afk11,laanwj,2
afk11,jonasschnelli,2
fanquake,mikach,5
jonasschnelli,mikach,4
MrKrzYch00,jonasschnelli,2
MrKrzYch00,aussiehash,1
LeMiner,aussiehash,1
LeMiner,MrKrzYch00,1
SeverinAequus,evilworm,1
evilworm,fanquake,1
grasputin,paveljanik,1
grasputin,sipa,3
MrKrzYch00,btcdrak,1
2083236893,MrKrzYch00,1
2083236893,jonasschnelli,1
Giszmo,jonasschnelli,4
ajweiss,theuni,1
bitkevin,laanwj,1
ondra-novak,paveljanik,1
afk11,ondra-novak,1
benjyz,ondra-novak,2
mohamedfarrag,paveljanik,5
ajweiss,lekanovic,1
ajweiss,benjyz,1
benjyz,paveljanik,4
21E14,sipa,3
21E14,luke-jr,1
ajcj151,sipa,4
dexX7,gbeced,2
dexX7,paveljanik,1
RHavar,dexX7,2
ericpashman,theuni,8
ericpashman,paveljanik,11
DomT4,ericpashman,1
DomT4,theuni,1
Pyanne,theuni,1
Pyanne,laanwj,1
ajweiss,error10,4
redpola,sipa,1
laanwj,redpola,1
laanwj,skarra,1
dcousens,skarra,1
sipa,terrylai,1
devrandom,terrylai,1
devrandom,laanwj,1
luke-jr,skaht,5
ajweiss,skaht,1
paveljanik,prusnak,4
brsq,paveljanik,2
brsq,prusnak,4
brsq,luke-jr,1
brsq,laanwj,2
brsq,gmaxwell,1
gmaxwell,sandakersmann,1
luke-jr,sandakersmann,1
prusnak,sipa,2
paveljanik,sandakersmann,1
prusnak,sandakersmann,1
felipelalli,prusnak,2
mikehearn,sipa,1
ABISprotocol,mikehearn,3
ABISprotocol,btcdrak,2
ABISprotocol,prusnak,1
luke-jr,theuni,2
afk11,luke-jr,1
Diapolo,tykling,2
eN0Rm,paveljanik,10
eN0Rm,theuni,1
laanwj,y,1
theuni,y,1
kevinmartinmauro,paveljanik,1
MarkusTeufelberger,paveljanik,1
MarkusTeufelberger,gavinandresen,1
afk11,paveljanik,1
21E14,afk11,3
paveljanik,skaht,6
laanwj,skaht,1
fflo,jonasschnelli,4
fflo,paveljanik,6
fflo,sipa,2
cozz,jonasschnelli,1
eduffield222,gmaxwell,2
eduffield222,sipa,1
cjeanneret,jonasschnelli,3
sipa,welshjf,1
johannes87,laanwj,3
fanquake,johannes87,1
ghost,lucayepa,1
patrikr,sipa,2
laanwj,patrikr,10
Diapolo,eN0Rm,1
kef,laanwj,1
eN0Rm,kef,1
carnesen,eN0Rm,2
MineForeman,eN0Rm,2
eN0Rm,jlopp,2
ajweiss,jlopp,7
jlopp,lontivero,3
funbucks,lontivero,1
funbucks,yamamushi,1
jlopp,yamamushi,1
jlopp,rromanchuk,1
gmaxwell,rromanchuk,1
TimCinel,jlopp,2
TimCinel,laanwj,2
jlopp,joshafest,1
joshafest,laanwj,1
CnaBhr,laanwj,1
CnaBhr,TheBlueMatt,1
Diapolo,patrikr,3
laanwj,tl121,2
alexchan69,laanwj,2
Diapolo,alexchan69,1
alexchan69,jonasschnelli,1
gavinandresen,jlopp,2
theuni,wtogami,2
epipenau,theuni,1
epipenau,laanwj,4
gavinandresen,theuni,14
Diapolo,cozz,4
Sjors,cozz,1
kuerzn,laanwj,1
gavinandresen,kuerzn,2
ghost,kuerzn,1
airgapped,laanwj,1
airgapped,rebroad,1
FabioCarpi,luke-jr,2
Earlz,luke-jr,1
Earlz,gmaxwell,1
MeshCollider,theuni,1
laanwj,lecbee,3
lecbee,theuni,2
Diapolo,sipa,98
jonasschnelli,zander,1
laanwj,mgrigajtis,1
gmaxwell,mgrigajtis,1
veqtrus,wtogami,1
Diapolo,veqtrus,1
luke-jr,veqtrus,1
PRabahy,veqtrus,1
Michagogo,luke-jr,1
Michagogo,theuni,2
joemnjg,luke-jr,1
joemnjg,laanwj,2
jhoenicke,laanwj,2
ajweiss,jhoenicke,1
jhoenicke,sdaftuar,1
Michagogo,sdaftuar,1
Michagogo,jhoenicke,1
jhoenicke,sipa,1
Michagogo,sipa,6
EagleTM,laanwj,1
EagleTM,luke-jr,1
laanwj,mbrix,3
ghost,leongaban,2
jonasschnelli,leongaban,2
ghost,stepanja,1
BTCTaras,stepanja,1
BTCTaras,luke-jr,1
dapinkbat,luke-jr,4
dgenr8,jonasschnelli,2
john-yonn,luke-jr,1
kanzure,luke-jr,2
kanzure,paveljanik,1
21E14,gmaxwell,1
Rav3nPL,paveljanik,1
eN0Rm,gmaxwell,2
Diapolo,paveljanik,2
luke-jr,philsong,3
laanwj,philsong,5
achow101,bitcoinfees,1
21E14,MarcoFalke,1
Diapolo,MarcoFalke,2
laanwj,lacesio,1
fundon,laanwj,1
fanquake,fundon,2
fundon,theuni,1
Diapolo,gmaxwell,37
ShaliDaliHaliDa,sipa,4
ShaliDaliHaliDa,rebroad,1
ShaliDaliHaliDa,TheBlueMatt,1
laanwj,shimondoodkin,1
jbreher,laanwj,4
Diapolo,jbreher,2
Kirvx,sipa,2
Kirvx,TheBlueMatt,1
TheBlueMatt,jgarzik,5
Kirvx,jgarzik,1
Kirvx,laanwj,3
Kirvx,rebroad,1
elichai,jonasschnelli,1
elichai,laanwj,5
elichai,fanquake,1
hughneale,jonasschnelli,1
ABruihler,hughneale,1
ABruihler,jonasschnelli,3
ABruihler,theuni,2
Diapolo,binarykitchen,1
binarykitchen,laanwj,2
binarykitchen,fanquake,2
christophebiocca,laanwj,3
dajohi,rebroad,1
dajohi,sipa,1
TheBlueMatt,dajohi,1
dajohi,davecgh,2
davecgh,ghost,1
christophebiocca,ghost,4
davecgh,jonasschnelli,2
rdponticelli,sipa,3
DomT4,blackrabbit99,3
blackrabbit99,theuni,5
21E14,gavinandresen,1
gavinandresen,morcos,1
christophebiocca,gavinandresen,1
Kirvx,gavinandresen,1
domob1812,laanwj,2
gavinandresen,scmorse,1
jgarzik,scmorse,4
benjyz,scmorse,2
domob1812,morcos,1
TheBlueMatt,domob1812,1
fanquake,sinetek,1
laanwj,qubez,12
pnagurny,theuni,12
laanwj,pnagurny,2
bernied,theuni,1
bernied,skaht,1
fanquake,skaht,1
philsong,sipa,2
TheBlueMatt,philsong,4
sipa,whitj00,1
rebroad,whitj00,1
laanwj,whitj00,3
jl2035,sipa,4
TheBlueMatt,jl2035,1
jl2035,pataquets,1
laanwj,pataquets,1
ErikHendriks,laanwj,1
ErikHendriks,picasso250,1
fanquake,picasso250,2
MarcoFalke,picasso250,1
smoothrunnings,yellowbluebus,1
Diapolo,smoothrunnings,1
jgarzik,theuni,5
Diapolo,theuni,11
DanielFragaBR,theuni,7
DanielFragaBR,fanquake,1
luke-jr,mmerickel,1
laanwj,mmerickel,1
Diapolo,gdvine,2
gavinandresen,gdvine,1
gavinandresen,mmerickel,3
mmerickel,toffoo,1
luke-jr,toffoo,3
laanwj,toffoo,1
mmerickel,theuni,2
theuni,toffoo,1
michaelbnewman,toffoo,1
fanquake,michaelbnewman,1
donovanhide,theuni,1
donovanhide,sipa,1
ericshawlinux,laanwj,6
ericshawlinux,sipa,2
laanwj,physicsdude,1
ENikS,sipa,7
ENikS,laanwj,6
maraoz,theuni,9
laanwj,maraoz,3
XDB-Asura,gavinandresen,1
XDB-Asura,laanwj,2
XDB-Asura,paveljanik,1
MeshCollider,jtimon,1
DoooX,sipa,1
DoooX,qubez,4
DoooX,laanwj,4
EddyMSilva,laanwj,1
Diapolo,EddyMSilva,1
Diapolo,ajweiss,2
cqtenq,laanwj,2
Diapolo,rebroad,29
cozz,laanwj,22
gorillamania,laanwj,1
changetip,gorillamania,1
changetip,laanwj,1
21E14,jgarzik,1
handsomegui,laanwj,2
laanwj,tunnelman,1
Diapolo,tunnelman,1
akkornel,laanwj,2
akkornel,theuni,1
cozz,gavinandresen,1
kostaz,sipa,3
ENikS,theuni,5
laanwj,meoso,4
gavinandresen,meoso,2
meoso,theuni,5
kostaz,laanwj,5
francwalter,laanwj,2
Diapolo,francwalter,3
francwalter,jonasschnelli,1
mohamedfarrag,sipa,2
laanwj,mohamedfarrag,2
emrekenci,sipa,3
emrekenci,luke-jr,2
laanwj,mouda77,2
jgarzik,rebroad,5
djackallstar,laanwj,1
luke-jr,rifaterdemsahin,1
laanwj,rifaterdemsahin,14
hgt5,theuni,1
TheBlueMatt,rifaterdemsahin,3
MarkPfennig,theuni,2
MaDeRkAn,sipa,1
MaDeRkAn,laanwj,1
rifaterdemsahin,sipa,1
MaDeRkAn,rifaterdemsahin,3
MaDeRkAn,mohamedfarrag,1
TurgutKanceltik,rifaterdemsahin,2
mohamedfarrag,rifaterdemsahin,1
cozz,mohamedfarrag,1
cozz,rifaterdemsahin,1
laanwj,ssdpool,1
googleanalyticsisjavascript,magcius,2
googleanalyticsisjavascript,laanwj,1
gavinandresen,pgrigor,3
jgarzik,pgrigor,8
luke-jr,pgrigor,2
christophebiocca,luke-jr,1
ashleyholman,christophebiocca,1
ashleyholman,rebroad,3
Diapolo,jgarzik,12
jgarzik,thereisnofromaddress,1
laanwj,thereisnofromaddress,1
gavinandresen,jgarzik,11
laanwj,therealplato,5
gmaxwell,therealplato,1
jessepeterson,laanwj,1
i-rme,laanwj,4
gdm85,laanwj,9
SeanEstey,theuni,3
SeanEstey,fanquake,1
cmgustavo,fanquake,1
cmgustavo,theuni,2
cmgustavo,jonasschnelli,1
conrada,laanwj,3
conrada,cozz,2
Diapolo,conrada,1
conrada,sipa,3
rebroad,theuni,3
sinacc,sipa,2
sipa,taichitai,7
luke-jr,taichitai,1
charliegama,sipa,1
charliegama,fanquake,1
dgenr8,laanwj,3
dgenr8,sipa,2
dgenr8,jgarzik,1
dgenr8,petertodd,3
dgenr8,mikehearn,1
mikehearn,rebroad,1
dgenr8,rebroad,1
dgenr8,gmaxwell,4
laanwj,mikehearn,9
MarcoFalke,dgenr8,2
kazcw,theuni,1
TheBlueMatt,jtimon,1
jrick,laanwj,3
jgarzik,zw,1
sipa,zw,1
laanwj,mgosk,1
MarcoFalke,mgosk,1
MarkPfennig,laanwj,3
ashleyholman,laanwj,7
mcelrath,sipa,2
TheBlueMatt,mcelrath,1
philsong,rebroad,2
STrRedWolf,kazcw,2
gavinandresen,rebroad,10
davecgh,jrick,3
laanwj,leafcutterant,2
Diapolo,leafcutterant,1
Diapolo,Michagogo,2
laanwj,m4rkusxxl,3
kazcw,m4rkusxxl,2
darkhosis,m4rkusxxl,2
m4rkusxxl,tuaris,1
laanwj,tuaris,1
darkhosis,laanwj,3
darkhosis,rifaterdemsahin,2
ghost,jgarzik,3
gr33k,laanwj,1
cdhowie,laanwj,3
jgarzik,johnsondiao,1
johnsondiao,laanwj,1
ZPK4,theuni,2
ZPK4,laanwj,2
laanwj,weavejester,2
BoBeR182,luke-jr,3
BoBeR182,laanwj,1
earonesty,sipa,1
analogic,ghost,1
analogic,laanwj,8
ghost,rsdcastro,2
FTraian,laanwj,1
FTraian,theuni,1
laanwj,noxxim,2
ghost,shshshsh,1
cozz,shshshsh,1
cozz,ghost,1
Diapolo,haight6716,1
haight6716,laanwj,4
a-r-d,rebroad,1
TrooperT,a-r-d,1
TrooperT,laanwj,1
a-r-d,laanwj,3
a-r-d,varac,1
laanwj,varac,1
jgarzik,mcelrath,3
laanwj,mcelrath,3
benburkhart1,jgarzik,1
benburkhart1,laanwj,1
elichai,macoymejia,1
Michagogo,macoymejia,2
macoymejia,priiduneemre,1
priiduneemre,sipa,1
davecgh,sipa,1
davecgh,gavinandresen,1
MarkusTeufelberger,philsong,1
leofidus,sipa,3
leofidus,philsong,1
Hasimir,sipa,2
ghost,rifaterdemsahin,2
laanwj,misiek08,1
arowser,shshshsh,1
shshshsh,sipa,2
rebroad,shshshsh,1
ThePiachu,laanwj,3
kryptan,sipa,1
kryptan,laanwj,1
fanquake,quantumpotato,1
Diapolo,ericshawlinux,1
Diapolo,leofidus,2
laanwj,leofidus,7
7queue,dooglus,1
ColErr,sipa,2
ashleyholman,luke-jr,1
ashleyholman,pgrigor,4
pgrigor,sipa,1
ghost,pgrigor,1
laanwj,pgrigor,1
gmaxwell,sidazhang,1
dexX7,sidazhang,1
NicolasDorier,dcousens,1
einewton,laanwj,1
einewton,gavinandresen,2
einewton,sipa,3
itoffshore,laanwj,15
itoffshore,sipa,6
itoffshore,luke-jr,3
itoffshore,jl2035,8
jl2035,luke-jr,2
adattudos,jl2035,1
adattudos,itoffshore,1
Diapolo,itoffshore,1
jl2035,laanwj,1
federicobond,rebroad,1
ashleyholman,federicobond,1
Diapolo,kostaz,1
mariobgr,rebroad,1
laanwj,mariobgr,2
mariobgr,noxxim,1
gmaxwell,itoffshore,6
dugongsoftware,laanwj,1
dugongsoftware,itoffshore,1
itoffshore,msgilligan,2
doll1,itoffshore,1
doll1,laanwj,1
laanwj,veox,3
theuni,veox,1
juanpastas,laanwj,1
Bitcoinera,juanpastas,1
Bitcoinera,scottie,1
mxicoderspl,scottie,1
bibz0r,mxicoderspl,1
dkaparis,laanwj,1
Rezker,laanwj,7
Rezker,sipa,1
CodeShark,sipa,3
CodeShark,Rezker,1
Rezker,ghost,1
AndyCapeTown,jgarzik,1
AndyCapeTown,sipa,6
AndyCapeTown,laanwj,2
AndyCapeTown,luke-jr,1
AndyCapeTown,gmaxwell,3
7queue,AndyCapeTown,1
7queue,JamesMartin001,1
PedroSwift,c64e5e9e-08ce-4f7d-be39-92cf89188b45,1
c64e5e9e-08ce-4f7d-be39-92cf89188b45,laanwj,3
PedroSwift,laanwj,1
laanwj,rdponticelli,3
gavinandresen,gmaxwell,22
ABISprotocol,gmaxwell,4
ABISprotocol,mdhaze,2
ABISprotocol,gavinandresen,2
sipa,super3,4
laanwj,super3,17
noxxim,rebroad,1
KyrosKrane,gmaxwell,1
KyrosKrane,laanwj,1
KyrosKrane,leofidus,1
KyrosKrane,ghost,1
c64e5e9e-08ce-4f7d-be39-92cf89188b45,gmaxwell,4
laanwj,leo-bogert,2
c64e5e9e-08ce-4f7d-be39-92cf89188b45,leo-bogert,1
c64e5e9e-08ce-4f7d-be39-92cf89188b45,pygy,1
ghost,pygy,1
ghost,leofidus,2
laanwj,whitslack,2
whitslack,wyager,1
gmaxwell,wyager,3
gmaxwell,jafaber,1
jafaber,leofidus,1
dscotese,jgarzik,1
dscotese,leofidus,2
dscotese,sipa,1
sipa,whitslack,4
rebroad,whitslack,1
ghost,voisine,1
dexX7,voisine,1
laanwj,sipessx,4
Diapolo,FabioCarpi,6
FabioCarpi,laanwj,3
Diapolo,jptrway,1
fitzah,jptrway,1
fitzah,laanwj,1
Altoidnerd,laanwj,5
daninovak,luke-jr,2
laanwj,nebman,2
cmingxu,laanwj,1
ghost,maqifrnswa,1
Diapolo,maqifrnswa,1
Diapolo,ghost,26
ghost,gmaxwell,9
Joukehofman,laanwj,1
Joukehofman,MeshCollider,1
lra,sipa,1
lichtamberg,luke-jr,1
gmaxwell,lichtamberg,1
jfkirkley,laanwj,2
Telepatheic,laanwj,4
PRabahy,Telepatheic,1
leofidus,luke-jr,2
leofidus,yuvaldrori,1
laanwj,yuvaldrori,4
Belkaar,laanwj,2
bardiharborow,laanwj,3
Telepatheic,bardiharborow,1
gubatron,laanwj,5
espringe,laanwj,5
espringe,gavinandresen,1
ajweiss,gavinandresen,1
laanwj,rubensayshi,1
rubensayshi,sipa,1
cozz,orrd,1
luke-jr,orrd,1
felipelalli,laanwj,3
felipelalli,paveljanik,1
ashleyholman,cozz,1
int03h,laanwj,34
int03h,rebroad,4
luke-jr,mgosk,2
laanwj,william129,1
christophebiocca,william129,4
Pacoup,william129,2
floe,theuni,3
floe,laanwj,2
TheBlueMatt,floe,1
anantshri,theuni,1
anantshri,laanwj,1
Altoidnerd,fanquake,1
Altoidnerd,saivann,1
laanwj,xdlapp,1
NanoAkron,lichtamberg,1
gavinandresen,lichtamberg,2
lichtamberg,sipa,1
laanwj,lichtamberg,5
laanwj,musha68k,2
lichtamberg,musha68k,2
Diapolo,lichtamberg,2
laanwj,sanktk,3
laanwj,patrickmason,2
bardiharborow,patrickmason,1
bardiharborow,lichtamberg,1
lichtamberg,patrickmason,1
laanwj,sethking,1
laanwj,pmc01,4
darkhosis,pmc01,1
jcea,laanwj,3
gavinandresen,schildbach,6
MeshCollider,schildbach,1
laanwj,prusnak,2
gmaxwell,int03h,4
int03h,leofidus,1
jmcorgan,leofidus,1
jmcorgan,sipa,1
bardiharborow,systemsplanet,1
achow101,systemsplanet,1
ghost,jmcorgan,2
cozz,jmcorgan,1
cozz,gmaxwell,1
int03h,sipa,2
hank,sipa,1
hank,laanwj,1
laanwj,praxeo,1
boinggg,praxeo,1
boinggg,tarix,1
polrpaul,tarix,1
hank,polrpaul,1
hank,jgarzik,1
EuroTrash2,laanwj,1
EuroTrash2,petertodd,1
TH3xR34P3R,petertodd,1
TH3xR34P3R,wcummings,1
AndrewClifford,wcummings,1
AndrewClifford,laanwj,1
TH3xR34P3R,laanwj,1
TH3xR34P3R,lra,1
gmaxwell,lra,1
EuroTrash2,gmaxwell,1
EuroTrash2,super3,1
super3,whitslack,1
bpdavenport,whitslack,1
bpdavenport,cheeseo,1
Future-me-FromFuture,cheeseo,1
EuroTrash2,Future-me-FromFuture,1
EuroTrash2,int03h,1
int03h,polrpaul,1
JawedAshraf,polrpaul,1
JawedAshraf,jgarzik,2
Future-me-FromFuture,JawedAshraf,1
Future-me-FromFuture,laanwj,1
comboy,laanwj,1
comboy,petertodd,1
gubatron,petertodd,1
comboy,gubatron,1
comboy,int03h,1
gubatron,int03h,4
GENGSHUANGs,rebroad,1
GENGSHUANGs,richardsj,1
codefinderin,gavinandresen,3
bellaj,codefinderin,1
gavinandresen,rdponticelli,2
bf0d7998-81ec-48d1-b236-076ed3c77581,ghost,2
arowser,ghost,1
arowser,rebroad,1
gbachik,laanwj,3
sipa,vegard,1
jgarzik,vegard,1
gavinandresen,petertodd,4
Diapolo,dajohi,1
laanwj,subSTRATA,4
backlof,cozz,1
Diapolo,i-rme,1
i-rme,sipa,1
gavinandresen,ghost,10
bananas2,laanwj,1
bananas2,gmaxwell,1
bf0d7998-81ec-48d1-b236-076ed3c77581,luke-jr,1
int03h,luke-jr,2
bf0d7998-81ec-48d1-b236-076ed3c77581,int03h,2
bf0d7998-81ec-48d1-b236-076ed3c77581,laanwj,2
benjyz,jgarzik,3
PierreRochard,jgarzik,1
PierreRochard,luke-jr,1
int03h,jnewbery,1
Massimo80,laanwj,2
bananas2,ghost,4
bananas2,gavinandresen,2
bardiharborow,gavinandresen,2
bardiharborow,sipa,4
jcea,wtogami,1
anton000,jcea,1
anton000,laanwj,1
jcea,theuni,2
quel,wtogami,1
luke-jr,quel,1
Vort,laanwj,9
kjj2,laanwj,1
jgarzik,kjj2,1
jonasschnelli,jprichardson,1
cozz,omyno,1
laanwj,surfrock66,1
gavinandresen,imsaguy,1
FelixWeis,laanwj,1
bitcoinder,laanwj,4
gavinandresen,syejing,1
laanwj,syejing,2
jedimstr,sipa,1
laanwj,raid5,1
gavinandresen,raid5,2
6iva4a,laanwj,1
ditto-b,laanwj,1
kazcw,rebroad,4
awishformore,ghost,1
awishformore,ian-kelling,1
C-Otto,ian-kelling,1
C-Otto,luke-jr,4
C-Otto,tuxsoul,1
laanwj,tuxsoul,1
DarkIlluminatus,laanwj,1
CaVO32,DarkIlluminatus,1
ian-kelling,laanwj,2
bc-cb,sipa,2
bc-cb,gavinandresen,2
c-cex,laanwj,2
bareera786,christophebiocca,1
bareera786,benjyz,1
benjyz,luke-jr,1
benjyz,gavinandresen,1
dima056,laanwj,2
awishformore,luke-jr,1
awishformore,laanwj,2
awishformore,jgarzik,1
christophebiocca,gmaxwell,2
christophebiocca,jgarzik,2
dajohi,gmaxwell,1
davecgh,gmaxwell,2
gmaxwell,jrick,1
freewil,gavinandresen,3
freewil,laanwj,2
luke-jr,webdeli,1
laanwj,webdeli,1
PCMcGee,laanwj,1
PCMcGee,jgarzik,1
gavinandresen,kostaz,1
jeromecc,laanwj,2
anthonyettinger,laanwj,1
anthonyettinger,luke-jr,1
jcoffland,luke-jr,1
jcoffland,tsusanka,1
fanquake,tsusanka,1
fanquake,potadibyo,1
MattFaus,laanwj,1
Diapolo,musalbas,1
laanwj,musalbas,1
Diapolo,benjyz,1
fcicq,gmaxwell,1
gmaxwell,wizkid057,1
laanwj,wizkid057,1
laanwj,scintill,1
ViliusSutkus,laanwj,1
boborsomeoneelse,laanwj,1
jeremyhahn,sipa,1
jeremyhahn,laanwj,4
jeremyhahn,luke-jr,5
erikdubbelboer,luke-jr,1
erikdubbelboer,jeremyhahn,1
jeremyhahn,jmcorgan,1
laanwj,martinwguy,4
gavinandresen,martinwguy,2
martinwguy,sipa,1
laanwj,nsaatlarge,1
amatotech,gmaxwell,1
amatotech,laanwj,1
SomeoneWeird,laanwj,1
Michagogo,gavinandresen,1
laanwj,slacker6,2
gavinandresen,tlrobinson,2
gavinandresen,int03h,3
Diapolo,centromere,1
centromere,laanwj,2
coblee,laanwj,1
barmstrong,coblee,1
gillhofer,laanwj,1
laanwj,michaeljs1990,1
aalness,sipa,1
aalness,michaeljs1990,1
AGBrown,sipa,5
coincapsig,ghost,1
coincapsig,felipelalli,1
felipelalli,haxwell,1
Pokerkoffer,haxwell,1
Pokerkoffer,jonasschnelli,6
Pokerkoffer,SCDeveloper,1
annaparker,laanwj,2
sipa,wtogami,6
Michagogo,jgarzik,1
Michagogo,wtogami,1
cabbiepete,luke-jr,1
cabbiepete,sipa,2
cabbiepete,gmaxwell,1
fanquake,jbreher,1
ethernomad,gavinandresen,1
justusranvier,laanwj,6
Diapolo,wtogami,1
jalla2000,laanwj,4
Diapolo,jalla2000,1
aleksre,gmaxwell,1
jalla2000,sipa,1
danielschonfeld,jbuck1954,1
danielschonfeld,sipa,1
ccjon,luke-jr,1
ScripterRon,ccjon,2
ScripterRon,laanwj,4
ccjon,wilbown,1
Diapolo,jacwah,1
jacwah,laanwj,2
Leviathn,jacwah,2
georgerapp,laanwj,5
devilankur18,laanwj,4
garyvdm,laanwj,2
laanwj,vipwzw,2
esbullington,laanwj,1
esbullington,gmaxwell,1
cozz,jgarzik,1
doodzik,laanwj,13
doodzik,sandalsoft,4
doodzik,leegod,1
dogbad,sipa,1
depesz,laanwj,4
Scr33ch,laanwj,1
MattFaus,Scr33ch,1
fresheneesz,gmaxwell,3
fresheneesz,gavinandresen,1
gavinandresen,mautematico,3
edden87,laanwj,6
grue0,laanwj,8
Diapolo,grue0,6
Diapolo,edden87,1
ChrisCalderon,imbolo,1
ChrisCalderon,llSourcell,1
imbolo,llSourcell,3
gavinandresen,imbolo,1
laanwj,renne,2
darkhosis,super3,1
gavinandresen,super3,2
SergioDemianLerner,sipa,6
SergioDemianLerner,petertodd,4
laanwj,svirusxxx,2
kuzetsa,laanwj,3
kuzetsa,theuni,1
Diapolo,timuckun,1
laanwj,timuckun,1
ThePiachu,gmaxwell,3
ThePiachu,luke-jr,7
ThePiachu,sumory,1
gavinandresen,sumory,1
arnuschky,laanwj,4
Diapolo,trapp,2
laanwj,trapp,6
Diapolo,mikehearn,2
Commissar0617,Diapolo,1
gmaxwell,oblongmeteor,9
kathy007,laanwj,7
kathy007,theuni,4
kathy007,transonly,1
Giszmo,transonly,1
Giszmo,laanwj,1
Diapolo,kuzetsa,1
gastonmorixe,gavinandresen,1
gastonmorixe,laanwj,13
laanwj,shahnah,2
felipelalli,gmaxwell,2
felipelalli,leo-bogert,1
leo-bogert,rebroad,1
TheBlueMatt,leo-bogert,2
leo-bogert,rnicoll,1
laanwj,schildbach,17
jgarzik,schildbach,1
gastonmorixe,super3,2
gastonmorixe,gdm85,1
fanquake,shahnah,1
brandondahler,jkaye2012,1
jkaye2012,laanwj,1
gthiruva,laanwj,1
gthiruva,taoeffect,1
taoeffect,theuni,1
imbolo,theuni,2
Elijen,theuni,1
Elijen,dwasyluk,1
dwasyluk,gubatron,1
gubatron,tjgillies,2
SimonKaluza,gubatron,1
SimonKaluza,sylvainblot,1
mikehearn,sylvainblot,1
mikehearn,simonhard,1
indolering,simonhard,1
indolering,mikehearn,1
ghost,mikehearn,2
ghost,neverpanic,3
mikehearn,neverpanic,1
ghost,steaerox,1
DirkyJerky,steaerox,1
DirkyJerky,simondlr,1
neverpanic,simondlr,1
midnightradio,neverpanic,1
midnightradio,skaht,1
deadalnix,skaht,1
deadalnix,ironsniper,1
ironsniper,markmark1,1
bibz0r,markmark1,1
MarcoFalke,bibz0r,1
DesWurstes,MarcoFalke,1
BrogulT,laanwj,1
BrogulT,sipa,1
luke-jr,super3,4
gmaxwell,super3,5
DavidJohnstonCEO,super3,1
DavidJohnstonCEO,laanwj,1
kechan,laanwj,1
kechan,slacka,1
jcalfee,slacka,1
jcalfee,laanwj,1
NeoMod,theuni,1
NeoMod,laanwj,1
laanwj,tanusreechatterjee,1
sipa,tanusreechatterjee,1
paulbrittain,sipa,1
laanwj,paulbrittain,1
laanwj,wullxz,1
skysider,wullxz,1
cameronbergh,skysider,1
cameronbergh,laanwj,1
dishwara,laanwj,3
Suffice,deed02392,1
deed02392,kuzetsa,1
gmaxwell,kuzetsa,2
AllThingsBitcoin,laanwj,1
gmaxwell,mikehearn,2
jgarzik,super3,2
gavinandresen,qubez,3
mikehearn,petertodd,1
SergioDemianLerner,rebroad,1
SergioDemianLerner,kronrod,4
kronrod,petertodd,2
petertodd,rebroad,1
Sjors,rebroad,1
Sjors,gmaxwell,1
Diapolo,btclove,1
TheButterZone,laanwj,1
TheButterZone,jemmons,1
jemmons,mikehearn,1
mikehearn,raarts,4
gubatron,mikehearn,2
Megatokio,gubatron,1
Megatokio,tom-seddon,1
mikehearn,tom-seddon,1
jeffrade,laanwj,1
jeffrade,promag,1
fanquake,glaksmono,2
Sjors,glaksmono,1
Sjors,tylerdmace,1
glaksmono,tylerdmace,2
jamesob,tylerdmace,1
collapsedev,fastest963,1
ExperimentsAndIdeas,laanwj,1
kroese,laanwj,2
WyseNynja,stevenroose,3
fanquake,stevenroose,1
WyseNynja,fanquake,5
DomT4,stevenroose,1
bardiharborow,super3,2
Diapolo,dertin,1
o-jasper,super3,1
int03h,o-jasper,1
laanwj,o-jasper,2
luke-jr,o-jasper,1
luke-jr,markasoftware,1
gmaxwell,weex,1
nfceek,wtogami,1
dooglus,jgarzik,3
imzhuli,laanwj,1
rebroad,wtogami,1
Diapolo,dsattler,7
Enelar,sipa,3
Enelar,gmaxwell,2
Diapolo,dscotese,18
dscotese,laanwj,3
Diapolo,p308945,1
p308945,sipa,2
mikehearn,theuni,4
WyseNynja,theuni,1
WyseNynja,mikehearn,1
fryx,theuni,1
fryx,mikehearn,1
kzaher,theuni,5
kzaher,mikehearn,1
Abdullah114,mikehearn,1
Abdullah114,WyseNynja,1
WyseNynja,laanwj,1
kthxbai2u,laanwj,2
laanwj,voidref,1
theuni,voidref,1
kthxbai2u,theuni,1
CodeChief,kthxbai2u,1
CodeChief,laanwj,1
Azulan,fanquake,1
Azulan,pdxrod,1
gmaxwell,pentarh,5
Diapolo,pentarh,1
bitcoinbrisbane,laanwj,1
bitcoinbrisbane,luke-jr,2
ghedipunk,luke-jr,1
Diapolo,ghedipunk,1
Diapolo,gongchengra,1
gongchengra,laanwj,1
alexander-ivanov,laanwj,1
alexander-ivanov,tjuryakin,1
donSchoe,tjuryakin,1
donSchoe,lrascao,1
laanwj,lrascao,1
coincapsig,laanwj,1
coincapsig,fastest963,1
fastest963,laanwj,1
dlio,laanwj,1
coincapsig,dlio,2
akstunt,dlio,1
akstunt,laanwj,1
chill117,laanwj,1
MichaelBrenden,chill117,1
MichaelBrenden,xiaoxiaoleo,1
ROBERT-MCDOWELL,xiaoxiaoleo,1
ROBERT-MCDOWELL,chenluyong,1
chenluyong,ronaldpetty,2
chenluyong,radoeka,1
creativearmy,radoeka,1
creativearmy,yuexiahandao,1
renguzi,yuexiahandao,1
bellaj,renguzi,1
bellaj,meatwas,1
geek96,meatwas,1
geek96,malickf,1
gmaxwell,joe999,1
joe999,laanwj,1
gavinandresen,kuzetsa,3
MarcoFalke,kuzetsa,2
jonasschnelli,mezrin,2
CodeShark,Diapolo,3
neilneyman,sipa,1
laanwj,neilneyman,2
fanquake,medicinebottle,1
laanwj,propertunist,1
luke-jr,mx4,1
jgarzik,mx4,1
mezrin,sipa,3
mezrin,mx4,1
kuzetsa,sipa,2
Diapolo,ryanxcharles,1
ryanxcharles,sipa,1
npiguet,ryanxcharles,1
espringe,npiguet,2
leofidus,npiguet,1
leofidus,shivaenigma,1
laanwj,shivaenigma,2
mcelrath,shivaenigma,1
mcelrath,winteraz,1
MarcoFalke,winteraz,1
laanwj,msva,1
jonasschnelli,msva,1
Diapolo,gubatron,2
fanquake,macd0g,1
luke-jr,macd0g,1
luke-jr,nixoid,1
laanwj,nixoid,3
burnside,laanwj,1
DmRomantsov,burnside,1
DmRomantsov,luke-jr,4
MeshCollider,NerdfighterSean,1
MeshCollider,vtosev,1
fgeek,gmaxwell,1
fgeek,laanwj,1
lismore,xerohour,1
gmaxwell,xerohour,2
Diapolo,wmassag,1
laanwj,wmassag,2
sipa,wmassag,1
lazyjay,medoix,1
jonasschnelli,medoix,2
M4v3R,gavinandresen,1
M4v3R,konieczkow,1
awt,konieczkow,1
awt,sipa,1
nvmd,sipa,1
fanquake,lseror,1
andruby,lseror,1
andruby,neilneyman,1
mmalecki,neilneyman,1
fanquake,mmalecki,4
ghost,mmalecki,1
ghost,kunstmusik,1
kunstmusik,sipa,1
mmalecki,sipa,1
laanwj,mmalecki,1
njbartlett,sipa,1
Diapolo,njbartlett,1
laanwj,njbartlett,1
fturco,njbartlett,1
fanquake,sigkill,1
gavinandresen,sigkill,2
jordan314,sigkill,1
jordan314,laanwj,1
laanwj,rescrv,2
helderdb,laanwj,1
jgarzik,richardassar,1
richardassar,sipa,1
jgarzik,shesek,1
Delta1977,sipa,2
Delta1977,gmaxwell,2
Delta1977,laanwj,1
molecular,sipa,5
gmaxwell,orb,1
gdvine,gmaxwell,1
jgarzik,toffoo,1
dpkp,gavinandresen,1
dpkp,mikehearn,1
gavinandresen,mikehearn,1
gavinandresen,medicinebottle,1
medicinebottle,sipa,1
sipa,toffoo,3
gmaxwell,toffoo,2
rescrv,toffoo,2
madthanu,toffoo,2
toffoo,wtogami,5
rescrv,wtogami,2
gmaxwell,rescrv,2
pstratem,wtogami,2
mrgitbit,wtogami,2
lichtamberg,wtogami,1
lichtamberg,norn,1
laanwj,norn,1
ashleyholman,sipa,3
ashleyholman,gmaxwell,1
ktiedt,sipa,1
fanquake,ktiedt,4
Nerzahd,laanwj,3
Nerzahd,jonasschnelli,1
fanquake,medoix,1
fanquake,grue0,2
collapsedev,laanwj,1
hasib145,laanwj,1
hasib145,jgarzik,1
Diapolo,casellas,2
casellas,fanquake,2
fanquake,m13253,1
subSTRATA,wtogami,1
Alex-van-der-Peet,subSTRATA,1
Alex-van-der-Peet,laanwj,1
edam,gmaxwell,6
edam,sipa,6
Diapolo,patrickb1991,2
Diapolo,edam,1
Schmollen,edam,1
Diapolo,Schmollen,1
Schmollen,pstratem,1
Schmollen,dyzz,1
Diapolo,dyzz,1
epros,rebroad,2
jerith666,sipa,1
bc4-old-c-coder,jerith666,1
bc4-old-c-coder,rebroad,1
Suffice,alexpennace,1
laanwj,smoothrunnings,6
goldbit89,laanwj,8
gavinandresen,goldbit89,1
adavies42,goldbit89,3
Diapolo,adavies42,1
fanquake,goldbit89,2
gsn2dd,laanwj,1
Suffice,luke-jr,1
Suffice,gmaxwell,2
Suffice,whitslack,1
luke-jr,whitslack,3
Diapolo,goldbit89,1
Diapolo,OronNadiv,1
OronNadiv,sipa,1
dooglio,schildbach,1
dooglio,laanwj,1
gavinandresen,wtogami,5
alamtr,sipa,3
alamtr,luke-jr,1
alamtr,gavinandresen,1
n1bor,schildbach,2
davispuh,laanwj,7
Diapolo,davispuh,1
Hardcore-fs,fanquake,3
Hardcore-fs,laanwj,4
Diapolo,Hardcore-fs,2
gmaxwell,thisisgil,1
MarcoFalke,thisisgil,1
fanquake,kerzane,2
hjfreyer,kerzane,7
fanquake,hjfreyer,2
Diapolo,hjfreyer,1
FrankLo,laanwj,1
FrankLo,tuaris,1
platypii,tuaris,1
platypii,sipa,1
gmaxwell,n1bor,1
Diapolo,LeandroJF,1
Dreamsorcerer,jonasschnelli,1
Diapolo,Dreamsorcerer,2
Dreamsorcerer,laanwj,1
gavinandresen,grue0,2
alanast1,gavinandresen,2
Krellan,ghost,1
Krellan,qubez,2
Krellan,zootreeves,2
Krellan,fanquake,1
sipa,subSTRATA,1
Diapolo,subSTRATA,8
Diapolo,rdponticelli,3
gmaxwell,rdponticelli,6
Sjors,gavinandresen,4
falinatecas,laanwj,4
Diapolo,pjbrito,1
fanquake,pjbrito,1
Diapolo,planetp,1
laanwj,planetp,1
Diapolo,falinatecas,2
falinatecas,gmaxwell,3
laanwj,robbak,1
KonstantinSchubert,sipa,1
KonstantinSchubert,laanwj,2
laanwj,lioncash,1
Krellan,gavinandresen,1
Krellan,sipa,1
enterprisey,laanwj,2
enterprisey,sipa,3
enterprisey,felipelalli,1
enterprisey,gmaxwell,1
Timwi,sipa,1
Timwi,luke-jr,3
Timwi,robbak,2
luke-jr,robbak,1
robbak,sipa,1
rstarkov,sipa,2
laanwj,mkonecny,1
MiRAGE-101,mkonecny,1
MiRAGE-101,christophebiocca,1
ag346,laanwj,3
ag346,jgarzik,1
laanwj,tripplet,3
sipa,tripplet,1
cpunks,sipa,5
bitcoinstarter,cpunks,1
Diapolo,bitcoinstarter,2
bitcoinstarter,gavinandresen,1
bitcoinstarter,sipa,4
laanwj,partsoven,1
jonasschnelli,kiplingw,2
kiplingw,nextgenthemes,1
jonasschnelli,nextgenthemes,1
kiplingw,laanwj,1
CoDCoyote,gmaxwell,1
CoDCoyote,rebroad,1
fanquake,swills,1
Diapolo,swills,2
Zenitur,luke-jr,3
Zenitur,grbgout,1
grbgout,pzskc383,1
Diapolo,pzskc383,1
Diapolo,grbgout,3
grbgout,laanwj,1
jonasschnelli,schildbach,1
K1773R,Michagogo,1
K1773R,laanwj,1
007pig,sipa,1
007pig,Diapolo,1
gmaxwell,vikstrous,3
fanquake,samholmes,1
jonasschnelli,samholmes,6
Diapolo,samholmes,3
laanwj,samholmes,2
Diapolo,L2G,7
GJSchaller,sipa,1
SimonVrouwe,sipa,1
SimonVrouwe,Zenitur,3
SimonVrouwe,laanwj,1
Diapolo,dennis97519,15
laanwj,ryepdx,1
ryepdx,sipa,2
ryepdx,webwakko,1
gmaxwell,jeffmendoza,6
jeffmendoza,rofl0r,2
gmaxwell,rofl0r,15
rofl0r,sipa,3
nemysis,rofl0r,2
gmaxwell,nemysis,2
luke-jr,rofl0r,1
gavinandresen,rofl0r,2
jgarzik,rofl0r,1
jgarzik,nemysis,1
jeffmendoza,nemysis,1
robbak,rofl0r,3
gmaxwell,robbak,1
laanwj,rofl0r,4
adrelanos,gmaxwell,1
adrelanos,keystrike,1
dennis97519,laanwj,1
rdponticelli,rebroad,3
cozz,rebroad,1
JustinAiken,solicomo,1
Diapolo,JustinAiken,1
Diapolo,netsmashers,1
antonio081014,netsmashers,1
antonio081014,ghost,1
JustinAiken,ghost,1
JustinAiken,orb,1
gavinandresen,orb,1
gavinandresen,shamoons,1
pianist,shamoons,1
Agera-S,pianist,1
Agera-S,achillesuk,1
gavinandresen,iSnow,1
iSnow,jonasschnelli,1
jonasschnelli,shamoons,1
Diapolo,Kjlawrence63,3
Kjlawrence63,sipa,1
Diapolo,anddam,1
robbak,stephantual,1
rebroad,stephantual,1
Diapolo,jim618,3
Diapolo,dvdkhlng,3
dvdkhlng,theuni,5
fanquake,xeverse,1
jeremysawicki,sipa,3
frespa81,hank,1
Diapolo,frespa81,1
Diapolo,hank,1
anddam,hank,2
anddam,frespa81,2
frespa81,sipa,1
anddam,sipa,1
anddam,gavinandresen,1
frespa81,gavinandresen,1
gavinandresen,hank,1
ShadSterling,gavinandresen,1
ShadSterling,sipa,1
Diapolo,ShadSterling,1
L2G,fanquake,1
Diapolo,miniupnp,3
laanwj,zyv,2
Diapolo,zyv,1
rebroad,robbak,1
Diapolo,robbak,1
FourthDr,laanwj,2
FourthDr,dcousens,2
ContinuumQ,Diapolo,5
ContinuumQ,gavinandresen,2
ContinuumQ,qubez,1
qubez,sipa,2
Diapolo,simon-liu,2
luke-jr,simon-liu,1
bitnews,luke-jr,1
bitnews,simon-liu,1
Diapolo,arnuschky,2
Diapolo,bobjansen,1
bobjansen,laanwj,3
gmaxwell,srs96,5
Diapolo,srs96,1
Diapolo,Herodes-otc,1
Herodes-otc,qubez,1
Viceroy,qubez,1
Viceroy,sipa,4
Viceroy,laanwj,1
laanwj,staplezjay,1
bradfitz,gmaxwell,1
bradfitz,laanwj,1
Diapolo,qubez,6
henu,qubez,1
Diapolo,WhatTheF,2
fanquake,gavinandresen,2
agravier,fanquake,1
Diapolo,agravier,15
agravier,jonasschnelli,6
ThePiachu,qubez,1
ThePiachu,rebroad,1
Definit,rebroad,7
gavinandresen,tobypinder,1
laanwj,tobypinder,1
Comodore1,laanwj,2
L2G,laanwj,1
PartTimeLegend,Rav3nPL,1
Rav3nPL,gmaxwell,2
Rav3nPL,jgarzik,1
lawrence97431,robbak,1
gavinandresen,lawrence97431,1
PartTimeLegend,rebroad,1
dirkjan111,rebroad,1
PartTimeLegend,dirkjan111,1
PartTimeLegend,fresheneesz,1
fresheneesz,nickgogerty,1
nickgogerty,sressler,1
laanwj,sressler,1
gavinandresen,ralphtheninja,1
jeremysawicki,ralphtheninja,1
PartTimeLegend,freewil,1
freewil,gutted,1
PartTimeLegend,gutted,1
Mysticsam,rdponticelli,3
gmaxwell,hrobbins,4
hrobbins,tobypinder,1
gmaxwell,tobypinder,1
gavinandresen,phelixbtc,1
laanwj,phelixbtc,2
Diapolo,Tindalos,4
laanwj,rkfg,4
dooglus,rkfg,1
laanwj,mathcampbell,4
grue0,mathcampbell,1
mathcampbell,schildbach,2
Vort,burger2,1
Diapolo,burger2,21
brvier,laanwj,1
KES777,laanwj,1
SteveBaker42,gavinandresen,2
grarpamp,luke-jr,1
grarpamp,robbak,1
anarcat,luke-jr,1
anarcat,sipa,4
anarcat,extr0p,1
extr0p,vertoe,1
laanwj,vertoe,1
ali1234,jgarzik,1
ali1234,laanwj,1
laanwj,strk,2
paulproteus,sipa,1
Lohoris,gavinandresen,13
Lohoris,sipa,6
Lohoris,qubez,2
Lohoris,zainmw91,1
shamoons,zainmw91,2
lichtamberg,zainmw91,1
Lohoris,thebalaa,1
thebalaa,woeisme,1
nikolajsheller,woeisme,1
gmaxwell,nikolajsheller,3
chevdor,gmaxwell,1
chevdor,raamdev,1
raamdev,sipa,2
raamdev,tahoeboarder909,1
chevdor,tahoeboarder909,3
chevdor,fanquake,1
fanquake,mapalmalemus,1
TheBlueMatt,mapalmalemus,2
Belkaar,gmaxwell,4
Belkaar,gavinandresen,1
laanwj,mb300sd,1
Oddee,sipa,1
Diapolo,Oddee,1
Belkaar,sipa,3
Belkaar,rebroad,1
Belkaar,luke-jr,1
luke-jr,old-c-coder,3
gavinandresen,old-c-coder,2
laanwj,old-c-coder,2
gmaxwell,hughdavenport,1
gmaxwell,pascalBokBok,1
laanwj,pascalBokBok,2
dooglus,gavinandresen,20
EskimoBob,gavinandresen,1
luke-jr,vsespb,7
Diapolo,vsespb,4
rricci2009,sipa,1
laanwj,rricci2009,2
Diapolo,Lohoris,6
Lohoris,axet,2
axet,gavinandresen,1
axet,gmaxwell,1
Lohoris,vindicatorr,1
Diapolo,schildbach,9
darkhosis,jcalfee,1
Rishodi,laanwj,1
Rishodi,luke-jr,1
Diapolo,Rishodi,2
laanwj,tomboy-64,1
Tectract,gavinandresen,2
Tectract,sipa,2
Diapolo,bjmgeek,1
Diapolo,TheInitiated,3
Diapolo,pascalBokBok,2
pascalBokBok,sipa,1
SergioDemianLerner,luke-jr,1
SergioDemianLerner,gavinandresen,6
Diapolo,SergioDemianLerner,1
gavinandresen,subSTRATA,1
Diapolo,Xenland,3
Diapolo,rricci2009,1
SimonVrouwe,fanquake,1
Diapolo,SimonVrouwe,3
Xenland,gmaxwell,3
grarpamp,sipa,2
gavinandresen,grarpamp,2
grarpamp,laanwj,3
gmaxwell,grarpamp,2
Diapolo,grarpamp,5
anand4,laanwj,1
anand4,timmc,1
Lohoris,luke-jr,2
Lohoris,skruger,1
luke-jr,skruger,2
laanwj,skruger,2
bananas2,skruger,1
bananas2,philsong,1
jonasschnelli,philsong,1
diegueins680,laanwj,1
diegueins680,luke-jr,1
nelisky,sipa,5
nelisky,snabb,1
silvioq,snabb,1
Diapolo,od1n,11
94m3k1n9,Diapolo,4
Diapolo,abrkn,1
Diapolo,robzrob,6
robzrob,sipa,4
grant-olson,robzrob,2
Diapolo,Joukehofman,4
Diapolo,nkrowlan,1
Joukehofman,gmaxwell,1
Joukehofman,nkrowlan,1
gtklocker,laanwj,1
luke-jr,mdude77,1
mdude77,robbak,2
burger2,mdude77,1
burger2,laanwj,15
laanwj,scottie,1
scottie,sipa,1
94m3k1n9,burger2,1
azazar,luke-jr,1
Azulan,Diapolo,5
Azulan,laanwj,3
burger2,luke-jr,7
Diapolo,PanderMusubi,3
PanderMusubi,laanwj,2
dscotese,gavinandresen,2
cgaebel,gavinandresen,2
94m3k1n9,laanwj,1
94m3k1n9,Nicolai-s,1
Diapolo,Nicolai-s,1
jgarzik,qubez,1
laanwj,tucenaber,1
Diapolo,tucenaber,2
luke-jr,xanatos,2
sipa,xanatos,1
burger2,sipa,1
dentldir,luke-jr,1
dentldir,xanatos,1
freewil,gmaxwell,1
M4v3R,freewil,1
M4v3R,laanwj,1
TheComputerGenie,laanwj,1
ThePiachu,kangasbros,1
jgarzik,svasva,1
laanwj,svasva,1
Cryddit,ThePiachu,1
Cryddit,luke-jr,1
hjfreyer,sdsdalr,1
hjfreyer,sipa,1
gmaxwell,vladgiurgiubv,8
runeksvendsen,vladgiurgiubv,3
Diapolo,runeksvendsen,3
jojkaart,laanwj,4
darkhosis,jgarzik,1
Diapolo,keystrike,1
Diapolo,dooglus,25
Bozbo,gavinandresen,1
LukenShiro,luke-jr,1
LukenShiro,laanwj,1
Diapolo,LukenShiro,1
dooglus,jambolo,1
jambolo,nybble41,1
Diapolo,nybble41,1
KrzaQ,laanwj,1
KrzaQ,luke-jr,2
Mysticsam,gmaxwell,1
Diapolo,Mysticsam,1
laanwj,rpiuoidfrgf,4
luke-jr,tuxmaster5000,2
laanwj,tuxmaster5000,2
Diapolo,Sladien,4
Diapolo,glitch003,1
glitch003,gmaxwell,2
Diapolo,bondbeau,1
bondbeau,luke-jr,2
bondbeau,sipa,1
bondbeau,laanwj,1
TurkeyMan,laanwj,6
TurkeyMan,luke-jr,2
TurkeyMan,sipa,4
keverw,laanwj,3
fanquake,keverw,1
Cryddit,sipa,1
Cryddit,gmaxwell,2
hllhll,jonasschnelli,1
laanwj,shamoons,5
Belkaar,qubez,2
Cryddit,laanwj,1
gmaxwell,jwillerth,1
jwillerth,laanwj,1
NotBugger,gmaxwell,1
Cryddit,NotBugger,1
luke-jr,weex,2
laanwj,weex,3
stevenph,weex,1
laanwj,stevenph,1
freewil,osmosis79,2
laanwj,osmosis79,1
sipa,vcaxx,2
luke-jr,vcaxx,1
davh,laanwj,1
davh,sipa,2
Diapolo,apetersson,3
apetersson,laanwj,4
gmaxwell,guysoft,1
guysoft,laanwj,1
gmaxwell,postfan,5
Diapolo,postfan,1
LinusU,laanwj,1
luke-jr,mariosal,1
Diapolo,mariosal,2
gavinandresen,mariosal,1
Diapolo,ripper234,1
Diapolo,TheBlueMatt,16
gavinandresen,mhredmond21,2
dooglus,lovedazi005,1
fanquake,strk,1
Diapolo,strk,1
Nerzahd,gavinandresen,1
L2G,Nerzahd,4
L2G,strk,2
L2G,gavinandresen,2
Diapolo,Nerzahd,1
Diapolo,banjaxxed,1
finway-china,laanwj,1
gavinandresen,nanpanman,1
burger2,nanpanman,2
Ambrose94,nanpanman,1
Diapolo,xanatos,5
TheBlueMatt,grarpamp,2
gavinandresen,samosudov,1
darsie,gmaxwell,2
Bitsky,laanwj,3
laanwj,xanatos,1
SteveBell,johncalistro,1
laanwj,sgaltsev,2
sgaltsev,vassilevsky,1
Diapolo,vassilevsky,2
Diapolo,sgaltsev,1
Rudd-O,gmaxwell,2
Rudd-O,vassilevsky,1
Diapolo,Rudd-O,1
Rudd-O,fanquake,1
gmaxwell,sgornick,1
laanwj,sgornick,1
rPman,tcatm,1
rPman,sipa,1
Diapolo,mhredmond21,7
EnasQ,mhredmond21,1
Diapolo,EnasQ,14
EnasQ,laanwj,1
old-c-coder,rebroad,2
Diapolo,old-c-coder,1
Diapolo,bc4-old-c-coder,1
bc4-old-c-coder,laanwj,6
dscotese,gmaxwell,1
SergioDemianLerner,gmaxwell,1
Diapolo,jddebug,3
fanquake,jddebug,1
SteveBell,laanwj,1
SteveBell,jddebug,1
Diapolo,chickentech,1
chickentech,gavinandresen,1
jgarzik,osmosis79,1
Diapolo,wizeman,1
gmaxwell,msva,1
msva,sipa,1
Diapolo,coblee,1
Diapolo,olea,3
Blackhawke,mmazi,1
Diapolo,mmazi,1
Diapolo,Folko85,1
Folko85,mmazi,1
mmazi,rebroad,1
interfect,laanwj,8
dnohales,laanwj,2
interfect,xenog,2
jfisbein,laanwj,1
Diapolo,jfisbein,1
Diapolo,interfect,2
Diapolo,stevenh512,1
stevenh512,themighty1,1
kapcom01,themighty1,1
Diapolo,kapcom01,1
Diapolo,themighty1,1
br0x,themighty1,1
br0x,dooglio,1
dooglio,interfect,1
br0x,interfect,1
br0x,laanwj,5
gavinandresen,sgaltsev,1
msva,sgaltsev,2
Dr-Nix,laanwj,2
Diapolo,Dr-Nix,1
Dr-Nix,burger2,1
Diapolo,ssokolow,2
laanwj,ssokolow,5
Diapolo,mrmx,2
Diapolo,csrfdez,1
laanwj,ripper234,1
rebroad,ripper234,1
laanwj,tuttleorbuttle,1
jlherren,olhovsky,1
cdhowie,jlherren,1
Diapolo,genjix,2
freewil,sipa,1
c00w,laanwj,1
c00w,johncalistro,1
drizzt,laanwj,2
Stemby,shamoons,1
andrasfuchs,laanwj,3
SteveBell,andrasfuchs,1
Diapolo,andrasfuchs,2
Diapolo,SteveBell,4
SteveBell,TheBlueMatt,2
SteveBell,gavinandresen,5
SteveBell,dusoft,2
sipa,ubuntupunk,1
rebroad,ubuntupunk,1
ciyam,laanwj,1
ciyam,jonls,1
jonls,rebroad,1
extr0p,gmaxwell,2
rebroad,rkfg,2
dooglus,sirk390,3
Diapolo,sirk390,3
drak01,sipa,1
drak01,luke-jr,2
jtimon,promag,1
graingert,laanwj,14
graingert,sipa,4
Diapolo,graingert,1
graingert,rebroad,1
graingert,jonasschnelli,1
Squeezle42,laanwj,2
gmaxwell,timmerov,1
Diapolo,timmerov,2
brokewallet,timmerov,1
brokewallet,sipa,1
sipa,timmerov,1
Diapolo,jondoh,2
jondoh,laanwj,1
dooglus,rebroad,7
laanwj,nreal2,1
TheBlueMatt,weex,1
promag,weex,1
laanwj,runeksvendsen,1
Diapolo,molecular,1
molecular,runeksvendsen,1
FourthDr,sipa,3
FourthDr,TheBlueMatt,1
Serjster,sipa,1
Diapolo,finway-china,4
finway-china,sipa,1
Coryboy6,Diapolo,1
Coryboy6,finway-china,1
Acadian,sipa,4
Acadian,Diapolo,4
Acadian,gavinandresen,1
gavinandresen,guru777,1
guru777,laanwj,1
Diapolo,tcatm,6
ancow,laanwj,3
Diapolo,jojkaart,3
krishKM,sipa,12
krishKM,luke-jr,2
gmaxwell,krishKM,3
bitaussie,gavinandresen,1
bitaussie,dooglus,1
TheBlueMatt,gronager,1
gronager,sipa,1
jonassmedegaard,sipa,1
krishKM,mustafadane,1
achow101,mustafadane,2
laanwj,piotr-szegda,1
bitaussie,piotr-szegda,1
bitaussie,laanwj,1
TheBlueMatt,barmstrong,1
gavinandresen,p2k,3
gavinandresen,tayl0r,1
p2k,tayl0r,1
laanwj,sje397,1
sipa,sje397,1
mckaydavis,sipa,3
mckaydavis,r000n,1
cozz,r000n,1
Diapolo,krishKM,8
laanwj,rm44377,2
captainknz,laanwj,1
captainknz,rm44377,1
forrestv,rm44377,1
TheBlueMatt,forrestv,1
TheBlueMatt,captainknz,2
TheBlueMatt,rm44377,1
jordanmack,rm44377,1
jordanmack,laanwj,4
TheBlueMatt,slothbag,2
laanwj,slothbag,2
sipa,slothbag,1
gavinandresen,slothbag,1
TheBlueMatt,schildbach,6
ancow,schildbach,2
Diapolo,ancow,1
ancow,meonkeys,1
PanderMusubi,meonkeys,1
TheBlueMatt,krishKM,1
gavinandresen,mcandre,6
gmaxwell,jojkaart,1
grawity,jojkaart,1
gmaxwell,grawity,2
grawity,jgarzik,1
TheBlueMatt,phants,1
Flowdalic,laanwj,4
gmaxwell,pszturmaj,5
gmaxwell,p2paul,1
p2paul,pszturmaj,1
cryo,pszturmaj,1
Diapolo,cryo,1
Diapolo,pszturmaj,9
Diapolo,rkfg,1
cryo,rkfg,1
cryo,gmaxwell,1
gmaxwell,rkfg,1
PAStheLoD,rkfg,1
PAStheLoD,gmaxwell,1
joric,macintosh264,1
TheBlueMatt,grue0,1
grue0,itstooez,2
luke-jr,ptmhd,1
laanwj,ptmhd,1
dikidera,laanwj,1
gmaxwell,grue0,1
Lohoris,laanwj,3
ashleyholman,petertodd,1
luke-jr,ryannathans,1
Stemby,laanwj,1
laanwj,tcatm,2
Stemby,tcatm,1
MaxBareiss,sipa,1
MaxBareiss,grue0,1
Diapolo,NvrBst,1
NvrBst,laanwj,1
huiju,laanwj,2
laanwj,roconnor,1
luke-jr,roconnor,3
ByteCoin,luke-jr,5
TheBlueMatt,roconnor,2
gavinandresen,roconnor,4
ByteCoin,roconnor,2
ByteCoin,genjix,1
TheBlueMatt,runeksvendsen,6
AEtherSurfer,laanwj,1
Azulan,TheBlueMatt,2
Diapolo,MeniRosenfeld,1
MeniRosenfeld,laanwj,2
laanwj,yellowcoin,2
TheBlueMatt,yellowcoin,25
gavinandresen,yellowcoin,1
Diapolo,Vort,4
TheBlueMatt,Vort,1
Plaidxx,laanwj,3
laanwj,olea,3
TheBlueMatt,ancow,2
ancow,katmagic,1
dooglus,katmagic,1
jgarzik,lichtamberg,1
NYCBrit,gavinandresen,1
NYCBrit,TheBlueMatt,6
NYCBrit,laanwj,2
KlausT,laanwj,2
gavinandresen,olea,1
laanwj,macintosh264,1
devurandom,luke-jr,1
devurandom,laanwj,1
TheBlueMatt,tcatm,1
eldentyrell,gavinandresen,2
ThePiachu,eldentyrell,1
laanwj,rickw,1
luke-jr,rickw,1
fanquake,rickw,1
laanwj,paraipan,1
laanwj,thiloplanz,6
EhVedadoOAnonimato,laanwj,4
EhVedadoOAnonimato,thiloplanz,1
EhVedadoOAnonimato,iongchun,2
iongchun,laanwj,6
EhVedadoOAnonimato,TheBlueMatt,1
laanwj,n074v41l4bl34u,1
TheBlueMatt,mikegogulski,3
jgarzik,mikegogulski,1
laanwj,ovidiusoft,3
luke-jr,ovidiusoft,4
gavinandresen,jordanmack,2
TheBlueMatt,jordanmack,1
gavinandresen,thisisnotmyrealemail,2
laanwj,thisisnotmyrealemail,1
bitcoinuser,laanwj,4
TheBlueMatt,alexwaters,8
alexwaters,laanwj,3
bitcoinuser,codler,1
codler,laanwj,1
bitcoinuser,graingert,2
graingert,luke-jr,1
laanwj,nanotube,2
Diapolo,petercooperjr,1
petercooperjr,shamoons,1
Diapolo,shamoons,1
TheBlueMatt,dmgores,2
dmgores,roconnor,1
JonasPertschy,TheBlueMatt,1
dmgores,gavinandresen,4
dmgores,luke-jr,3
dmgores,sipa,1
gavinandresen,mndrix,2
laanwj,mndrix,3
alexwaters,gavinandresen,4
burger2,leofidus,1
TheBlueMatt,d3dave,1
d3dave,gavinandresen,1
jordanmack,sipa,1
alexwaters,tcatm,2
enmaku,tcatm,1
TheBlueMatt,enmaku,1
enmaku,gavinandresen,1
alexwaters,enmaku,1
Jessygirl,alexwaters,2
runeksvendsen,tcatm,1
alexwaters,runeksvendsen,1
embatbr,runeksvendsen,1
gavinandresen,oris,1
oris,sipa,1
alexwaters,sipa,6
alexwaters,osmosis79,1
osmosis79,sipa,1
alexwaters,ghost,2
makomk,sipa,1
TheBlueMatt,Xenland,1
alexwaters,sgornick,1
TheBlueMatt,sgornick,1
Stemby,gavinandresen,1
jgarzik,vasisualiy,3
laanwj,vasisualiy,1
sipa,vector76,1
TheBlueMatt,vector76,1
JoelKatz,vector76,1
JoelKatz,sipa,2
TheBlueMatt,xanatos,2
TheBlueMatt,grubino,3
dooglus,ghost,2
ChanneledDan,ervwalter,1
ervwalter,ghost,1
Stemby,ghost,1
Stemby,alexwaters,1
alexwaters,joric,1
gavinandresen,wcoenen,1
jayschwa,tcatm,1
codler,dooglus,2
SomeoneWeird,dooglus,1
SomeoneWeird,TheBlueMatt,1
TheBlueMatt,copumpkin,1
copumpkin,jgarzik,1
Diapolo,freewil,1
TheBlueMatt,graingert,1
gavinandresen,midnightmagic,1
amcgregor,gmaxwell,1
amcgregor,joric,1
joric,laanwj,2
ius,nilsja,1
nilsja,sipa,1
jgarzik,jine,1
TheBlueMatt,nanotube,1
nanotube,zellfaze,1
rebroad,zellfaze,1
jgarzik,teathsch,1
jayschwa,jgarzik,1
MrSam,gavinandresen,1
ius,tcatm,1
roconnor,sipa,1
carlosjhr64,piotrnar,1
alexwaters,carlosjhr64,1
007pig,alexwaters,1
davout,mikegogulski,1
mikegogulski,zellfaze,1
SomeoneWeird,zellfaze,1
SomeoneWeird,joric,1
joric,rebroad,1
MrSam,jgarzik,1
nanotube,sgornick,2
ripper234,sgornick,1
interfect,ripper234,1
davout,interfect,1
davout,nanotube,3
CAFxX,nanotube,1
CAFxX,bbot,1
bbot,vragnaroda,1
gmaxwell,vragnaroda,1
gmaxwell,nanotube,3
jgarzik,sgornick,1
bhattnaval,jgarzik,1
TheBlueMatt,stuhood,3
sneak,stuhood,1
jrmithdobbs,sneak,1
davidljung,jrmithdobbs,1
TheBlueMatt,davidljung,1
TheBlueMatt,sneak,1
hartrock,sneak,1
hartrock,sgimenez,1
sgimenez,sipa,1
laanwj,stuhood,2
gavinandresen,stuhood,1
gavinandresen,mikegogulski,11
AEtherSurfer,mikegogulski,1
AEtherSurfer,freewil,1
gavinandresen,nanotube,2
TheBlueMatt,johnktaylor,1
johnktaylor,tcatm,1
TheBlueMatt,javgh,1
TheBlueMatt,stigeebus,1
gavinandresen,stigeebus,3
atum,sipa,1
atum,enterprisey,1
Plasma,jgarzik,1
greggrossmeier,jimholt03,1
TheBlueMatt,jimholt03,8
alexwaters,jimholt03,1
laanwj,zellfaze,1
XVilka,bitfag,1
bitfag,laanwj,1
alexgenaud,alexwaters,1
javgh,tcatm,1
gavinandresen,trentzb,1
davout,laanwj,1
btcex,gavinandresen,1
Raulo,gavinandresen,2
dustin,gavinandresen,1
TheBlueMatt,witten,9
TheBlueMatt,kfogel,1
kfogel,laanwj,1
kiba,sipa,2
vrotaru,wolfnoliir,1
nacnemo,wolfnoliir,1
nacnemo,skriticos,1
develop7,skriticos,1
develop7,isaacwaldron,1
elmom,isaacwaldron,1
TheBlueMatt,elmom,1
jgarzik,witten,2
rkfg,sipa,2
MatrixFrog,TheBlueMatt,3
MatrixFrog,ghost,1
bitcoineer,ghost,1
TheBlueMatt,bitcoineer,1
jhyslop,mcandre,1
mcandre,tcatm,1
frenkel,gavinandresen,1
MeniRosenfeld,SameDifference,1
MeniRosenfeld,sneak,1
SameDifference,sneak,1
SameDifference,arsenische,1
arsenische,jhenninger,1
jhenninger,laanwj,1
gavinandresen,tcatm,6
sipa,tcatm,1
alexgenaud,sipa,5
midnightmagic,tcatm,1
Joho68,mburns,1
Joho68,gavinandresen,1
alexwaters,tril0byte,2
gasteve,molecular,1
gavinandresen,molecular,3
gasteve,tcatm,2
gasteve,tril0byte,1
gavinandresen,sgimenez,1
TheBlueMatt,lachesis,4
dgenr8,gasteve,1
gavinandresen,grebulon,1
grebulon,sgornick,1
sgornick,sipa,1
grebulon,sipa,1
alexgenaud,grebulon,1
TheBlueMatt,alexgenaud,1
alexwaters,keystrike,1
gasteve,gavinandresen,1
gasteve,laanwj,1
gavinandresen,tril0byte,2
gavinandresen,larsig,1
jgarzik,tril0byte,1
jhyslop,tril0byte,2
jhyslop,laanwj,1
dooglus,slush0,2
dooglus,zde,1
laanwj,zde,1
TheBlueMatt,jeffWelling,2
jeffWelling,molecular,1
TheBlueMatt,molecular,2
JoelKatz,molecular,1
molecular,pstratem,1
gavinandresen,ptitfred,1
gavinandresen,jhyslop,3
nanotube,tcatm,1
davout,gavinandresen,2
burdges,njloof,1
gavinandresen,njloof,1
dooglus,j16sdiz,1
ghost,zellfaze,1
sipa,zellfaze,1
Natanael90,mikegogulski,1
CAFxX,Natanael90,1
CAFxX,sipa,1
mikegogulski,thiloplanz,1
gavinandresen,thiloplanz,2
sipa,thiloplanz,1
jgarzik,mndrix,1
JonnyLatte,jhyslop,1
bardiharborow,christophebiocca,1
christophebiocca,sipa,1
cdecker,gavinandresen,2
cdecker,davout,1
davout,mndrix,1
gasteve,mndrix,1
alexwaters,gasteve,1
cdecker,tcatm,7
cdecker,jgarzik,2
dooglus,fabianhjr,1
RytisLT,gavinandresen,1
RytisLT,jeffWelling,1
ghost,jeffWelling,1
ghost,jhyslop,1
jeffWelling,jhyslop,2
genjix,jhyslop,1
genjix,thiloplanz,1
borneq,thiloplanz,1
benlake,borneq,3
alexgenaud,benlake,1
alexgenaud,wherget,1
gavinandresen,wherget,1
NickyYangYang,gavinandresen,1
davout,mgiuca,1
Kiv,mgiuca,1
Kiv,gavinandresen,1
mgiuca,sipa,2
rasos,thiloplanz,1
Stemby,thiloplanz,1
