Contributor,Numbers of comments,contribution
laanwj,3367,18.0468%
sipa,1220,6.5391%
Diapolo,964,5.1670%
MarcoFalke,856,4.5881%
jonasschnelli,796,4.2665%
luke-jr,478,2.5620%
gavinandresen,442,2.3691%
TheBlueMatt,409,2.1922%
gmaxwell,379,2.0314%
fanquake,369,1.9778%
theuni,340,1.8224%
paveljanik,338,1.8117%
rebroad,303,1.6241%
ghost,242,1.2971%
dooglus,224,1.2006%
jgarzik,198,1.0613%
achow101,184,0.9862%
jnewbery,153,0.8201%
Sjors,106,0.5682%
promag,91,0.4878%
MeshCollider,89,0.4770%
morcos,81,0.4342%
dcousens,75,0.4020%
sdaftuar,70,0.3752%
NicolasDorier,69,0.3698%
RHavar,63,0.3377%
globaltoken,58,0.3109%
ryanofsky,55,0.2948%
unsystemizer,55,0.2948%
pstratem,55,0.2948%
alexwaters,52,0.2787%
int03h,50,0.2680%
wtogami,46,0.2466%
ken2812221,42,0.2251%
petertodd,41,0.2198%
GSPP,40,0.2144%
ciyam,38,0.2037%
Willtech,36,0.1930%
burger2,36,0.1930%
dexX7,34,0.1822%
cozz,32,0.1715%
practicalswift,31,0.1662%
fresheneesz,31,0.1662%
tcatm,31,0.1662%
instagibbs,29,0.1554%
jlopp,29,0.1554%
sipsorcery,28,0.1501%
schildbach,28,0.1501%
Lohoris,28,0.1501%
kallewoof,27,0.1447%
itoffshore,27,0.1447%
ajweiss,26,0.1394%
domob1812,25,0.1340%
Leviathn,25,0.1340%
qubez,25,0.1340%
super3,24,0.1286%
nopara73,23,0.1233%
Empact,23,0.1233%
Michagogo,23,0.1233%
mikehearn,23,0.1233%
knoxcard,22,0.1179%
21E14,22,0.1179%
ptschip,22,0.1179%
rofl0r,22,0.1179%
JokerCatz,21,0.1126%
Zenitur,21,0.1126%
dennis97519,21,0.1126%
dscotese,20,0.1072%
prusnak,19,0.1018%
eN0Rm,19,0.1018%
rifaterdemsahin,19,0.1018%
Ayms,18,0.0965%
jamesob,18,0.0965%
mruddy,18,0.0965%
kazcw,18,0.0965%
wodry,17,0.0911%
ABISprotocol,17,0.0911%
vayvanne,17,0.0911%
SergioDemianLerner,17,0.0911%
rdponticelli,17,0.0911%
ashleyholman,17,0.0911%
pinheadmz,16,0.0858%
lovesh,16,0.0858%
ericpashman,16,0.0858%
toffoo,16,0.0858%
krishKM,16,0.0858%
Varunram,15,0.0804%
number9387,15,0.0804%
FabioCarpi,15,0.0804%
LongShao007,15,0.0804%
benjyz,15,0.0804%
vindicatorr,15,0.0804%
BitpopCoin,15,0.0804%
dgenr8,15,0.0804%
leofidus,15,0.0804%
graingert,15,0.0804%
yellowcoin,15,0.0804%
molxyz,14,0.0750%
AkioNak,14,0.0750%
phuongnd08,14,0.0750%
Xekyo,14,0.0750%
ondra-novak,14,0.0750%
christophebiocca,14,0.0750%
goldbit89,14,0.0750%
jeffrade,13,0.0697%
flack,13,0.0697%
GrumpyKiitty,13,0.0697%
bolekC,13,0.0697%
btcdrak,13,0.0697%
droark,13,0.0697%
PRabahy,13,0.0697%
subSTRATA,13,0.0697%
doged,13,0.0697%
philsong,13,0.0697%
grue0,13,0.0697%
Azulan,13,0.0697%
L2G,13,0.0697%
roconnor,13,0.0697%
jtimon,12,0.0643%
cdecker,12,0.0643%
keystrike,12,0.0643%
lichtamberg,12,0.0643%
jameshilliard,12,0.0643%
skaht,12,0.0643%
ENikS,12,0.0643%
gdm85,12,0.0643%
ThePiachu,12,0.0643%
kuzetsa,12,0.0643%
agravier,12,0.0643%
od1n,12,0.0643%
mikegogulski,12,0.0643%
mmortal03,11,0.0590%
Smiggel,11,0.0590%
praxeology-guy,11,0.0590%
fightofthedog,11,0.0590%
alexreg,11,0.0590%
miguelmorales85,11,0.0590%
welshjf,11,0.0590%
patrikr,11,0.0590%
jl2035,11,0.0590%
doodzik,11,0.0590%
EnasQ,11,0.0590%
davout,11,0.0590%
nanotube,11,0.0590%
msgilligan,10,0.0536%
marcoagner,10,0.0536%
afk11,10,0.0536%
esotericnonsense,10,0.0536%
mrwhythat,10,0.0536%
Rav3nPL,10,0.0536%
dabura667,10,0.0536%
kanzure,10,0.0536%
wkbaran,10,0.0536%
elichai,10,0.0536%
pgrigor,10,0.0536%
gubatron,10,0.0536%
molecular,10,0.0536%
robbak,10,0.0536%
grarpamp,10,0.0536%
SteveBell,10,0.0536%
coinsmith,9,0.0482%
jmcorgan,9,0.0482%
stefek99,9,0.0482%
jimhashhq,9,0.0482%
saleemrashid,9,0.0482%
kollokollo,9,0.0482%
AllanDoensen,9,0.0482%
xyzzy099,9,0.0482%
janstary,9,0.0482%
bitkevin,9,0.0482%
stefment,9,0.0482%
davecgh,9,0.0482%
error10,9,0.0482%
tomatemozarella,9,0.0482%
AliceWonderMiscreations,9,0.0482%
raedah,9,0.0482%
OverlordQ,9,0.0482%
casey,9,0.0482%
AndyCapeTown,9,0.0482%
Belkaar,9,0.0482%
bardiharborow,9,0.0482%
freewil,9,0.0482%
gastonmorixe,9,0.0482%
FourthDr,9,0.0482%
rkfg,9,0.0482%
runeksvendsen,9,0.0482%
jordanmack,9,0.0482%
thiloplanz,9,0.0482%
witten,9,0.0482%
jhyslop,9,0.0482%
jb55,8,0.0429%
jl2012,8,0.0429%
stevenroose,8,0.0429%
karel-3d,8,0.0429%
eklitzke,8,0.0429%
headhunter911,8,0.0429%
rex4539,8,0.0429%
i-rme,8,0.0429%
jobsfan,8,0.0429%
xianglanlan,8,0.0429%
mcelrath,8,0.0429%
GildedHonour,8,0.0429%
GameKyuubi,8,0.0429%
JeremyRubin,8,0.0429%
monochromec,8,0.0429%
fflo,8,0.0429%
wbchen99,8,0.0429%
mdance,8,0.0429%
kanoi,8,0.0429%
Levino,8,0.0429%
ericshawlinux,8,0.0429%
kalgecin,8,0.0429%
whitslack,8,0.0429%
tuxmaster,8,0.0429%
darkhosis,8,0.0429%
Vort,8,0.0429%
edam,8,0.0429%
Definit,8,0.0429%
finway-china,8,0.0429%
interfect,8,0.0429%
Acadian,8,0.0429%
pszturmaj,8,0.0429%
bitcoinuser,8,0.0429%
kirillkovalenko,7,0.0375%
funasty1985,7,0.0375%
linux-mining,7,0.0375%
wudigithub1,7,0.0375%
skeees,7,0.0375%
wwg2018new,7,0.0375%
bitcoinhodler,7,0.0375%
CryptAxe,7,0.0375%
PolarGo,7,0.0375%
safocl,7,0.0375%
JeremyRand,7,0.0375%
da2ce7,7,0.0375%
vogelito,7,0.0375%
diadal,7,0.0375%
binarykitchen,7,0.0375%
kirkalx,7,0.0375%
blue-onyx,7,0.0375%
mizhang,7,0.0375%
watashikokoto,7,0.0375%
ovidiu26claudiu,7,0.0375%
electricarrows0,7,0.0375%
CodeShark,7,0.0375%
wwortel,7,0.0375%
bol-van,7,0.0375%
aceriou,7,0.0375%
capitalDIGI,7,0.0375%
gappleto97,7,0.0375%
mohamedfarrag,7,0.0375%
pnagurny,7,0.0375%
maraoz,7,0.0375%
kostaz,7,0.0375%
c64e5e9e-08ce-4f7d-be39-92cf89188b45,7,0.0375%
jeremyhahn,7,0.0375%
WyseNynja,7,0.0375%
shamoons,7,0.0375%
Xenland,7,0.0375%
robzrob,7,0.0375%
jojkaart,7,0.0375%
TurkeyMan,7,0.0375%
osmosis79,7,0.0375%
Stemby,7,0.0375%
alexgenaud,7,0.0375%
sangaman,6,0.0322%
HashUnlimited,6,0.0322%
stacepellegrino,6,0.0322%
angelagilhotra,6,0.0322%
annjieching,6,0.0322%
Cantoria,6,0.0322%
cncr04s,6,0.0322%
mb300sd,6,0.0322%
Frederic94500,6,0.0322%
Bitoma,6,0.0322%
venzen,6,0.0322%
josephbisch,6,0.0322%
eriksank,6,0.0322%
dotgodly,6,0.0322%
saracen,6,0.0322%
themighty1,6,0.0322%
Giszmo,6,0.0322%
Kimax89,6,0.0322%
feathercoin2,6,0.0322%
jtoomim,6,0.0322%
rnicoll,6,0.0322%
posita,6,0.0322%
seigneur,6,0.0322%
stevenwagner,6,0.0322%
MrKrzYch00,6,0.0322%
ripper234,6,0.0322%
felipelalli,6,0.0322%
jbreher,6,0.0322%
meoso,6,0.0322%
jrick,6,0.0322%
analogic,6,0.0322%
Rezker,6,0.0322%
bananas2,6,0.0322%
ScripterRon,6,0.0322%
jalla2000,6,0.0322%
kathy007,6,0.0322%
Nerzahd,6,0.0322%
bc4-old-c-coder,6,0.0322%
kerzane,6,0.0322%
hjfreyer,6,0.0322%
enterprisey,6,0.0322%
bitcoinstarter,6,0.0322%
samholmes,6,0.0322%
SimonVrouwe,6,0.0322%
old-c-coder,6,0.0322%
vsespb,6,0.0322%
xanatos,6,0.0322%
vladgiurgiubv,6,0.0322%
ancow,6,0.0322%
joric,6,0.0322%
NYCBrit,6,0.0322%
dmgores,6,0.0322%
vasisualiy,6,0.0322%
gasteve,6,0.0322%
kristapsk,5,0.0268%
giaki3003,5,0.0268%
StayCoolDK,5,0.0268%
neptunix,5,0.0268%
passionofvc,5,0.0268%
doone57,5,0.0268%
TheCharlatan,5,0.0268%
glaksmono,5,0.0268%
AdamSEY,5,0.0268%
pedrobranco,5,0.0268%
rbndg,5,0.0268%
snomannaseem,5,0.0268%
KanoczTomas,5,0.0268%
webwakko,5,0.0268%
kyluke,5,0.0268%
eMosbat,5,0.0268%
danra,5,0.0268%
CydeWeys,5,0.0268%
shivaenigma,5,0.0268%
dwasyluk,5,0.0268%
alafax,5,0.0268%
kewde,5,0.0268%
cssxn,5,0.0268%
quentinlesceller,5,0.0268%
mezrin,5,0.0268%
mohamedfawzy96,5,0.0268%
zander,5,0.0268%
maiiz,5,0.0268%
p3yot3,5,0.0268%
ScroogeMcDuckButWithBitcoin,5,0.0268%
pavimus,5,0.0268%
jarret,5,0.0268%
GIJensen,5,0.0268%
elfring,5,0.0268%
seweso,5,0.0268%
tulip0,5,0.0268%
angjelo,5,0.0268%
asfin,5,0.0268%
dthorpe,5,0.0268%
flound1129,5,0.0268%
kapiliitr,5,0.0268%
nextgenthemes,5,0.0268%
sime,5,0.0268%
abusafwan,5,0.0268%
DanielFragaBR,5,0.0268%
sinetek,5,0.0268%
jprichardson,5,0.0268%
mikach,5,0.0268%
brsq,5,0.0268%
Kirvx,5,0.0268%
DoooX,5,0.0268%
conrada,5,0.0268%
Altoidnerd,5,0.0268%
espringe,5,0.0268%
hank,5,0.0268%
codefinderin,5,0.0268%
martinwguy,5,0.0268%
imbolo,5,0.0268%
oblongmeteor,5,0.0268%
Suffice,5,0.0268%
weex,5,0.0268%
mmalecki,5,0.0268%
davispuh,5,0.0268%
Hardcore-fs,5,0.0268%
falinatecas,5,0.0268%
jeffmendoza,5,0.0268%
dvdkhlng,5,0.0268%
ContinuumQ,5,0.0268%
PartTimeLegend,5,0.0268%
strk,5,0.0268%
apetersson,5,0.0268%
mhredmond21,5,0.0268%
sgaltsev,5,0.0268%
sgornick,5,0.0268%
olea,5,0.0268%
iongchun,5,0.0268%
stuhood,5,0.0268%
jimholt03,5,0.0268%
tril0byte,5,0.0268%
3s3s,4,0.0214%
vinnyvoo,4,0.0214%
bunnguyen2410,4,0.0214%
alexeyneu,4,0.0214%
efvhi,4,0.0214%
askari01,4,0.0214%
grim-trigger,4,0.0214%
nerdDan,4,0.0214%
MaherBTA,4,0.0214%
cyssxt,4,0.0214%
lukepighetti,4,0.0214%
randolf,4,0.0214%
lsching17,4,0.0214%
Raulo,4,0.0214%
TheKogs,4,0.0214%
RossClelland,4,0.0214%
clemtaylor,4,0.0214%
ak-19,4,0.0214%
alphaaurigae,4,0.0214%
shuuchen,4,0.0214%
kangasbros,4,0.0214%
DarthJahus,4,0.0214%
juestr,4,0.0214%
donaloconnor,4,0.0214%
doersf,4,0.0214%
RajaHassan,4,0.0214%
LordAndrei,4,0.0214%
possientis,4,0.0214%
drkskwlkr,4,0.0214%
Aristondo,4,0.0214%
wostl,4,0.0214%
Bushstar,4,0.0214%
bilalpakistani,4,0.0214%
tetsaicn,4,0.0214%
FrozenPrincess,4,0.0214%
koalana,4,0.0214%
dollardjm,4,0.0214%
ftrader,4,0.0214%
jonathancross,4,0.0214%
scottie,4,0.0214%
chengc843988,4,0.0214%
joshafest,4,0.0214%
Hanslo,4,0.0214%
EthanHeilman,4,0.0214%
masaoliou,4,0.0214%
JornC,4,0.0214%
maaku,4,0.0214%
areur3ady,4,0.0214%
macdasi,4,0.0214%
Tyler-Hardin,4,0.0214%
midnightmagic,4,0.0214%
stas730,4,0.0214%
BitcoinUser2016,4,0.0214%
CraniumDad,4,0.0214%
nomnombtc,4,0.0214%
yuilleb,4,0.0214%
parazyd,4,0.0214%
fturco,4,0.0214%
lasseleegaard,4,0.0214%
shadowsjack,4,0.0214%
gerbilOFdoom,4,0.0214%
evGUzQIEQaL4,4,0.0214%
hno,4,0.0214%
jorisbontje,4,0.0214%
GoodMirek,4,0.0214%
lontivero,4,0.0214%
book89,4,0.0214%
microcai,4,0.0214%
DomT4,4,0.0214%
joemnjg,4,0.0214%
ShaliDaliHaliDa,4,0.0214%
dajohi,4,0.0214%
blackrabbit99,4,0.0214%
scmorse,4,0.0214%
smoothrunnings,4,0.0214%
mmerickel,4,0.0214%
taichitai,4,0.0214%
m4rkusxxl,4,0.0214%
haight6716,4,0.0214%
a-r-d,4,0.0214%
Hasimir,4,0.0214%
leo-bogert,4,0.0214%
sipessx,4,0.0214%
Joukehofman,4,0.0214%
Telepatheic,4,0.0214%
william129,4,0.0214%
jcea,4,0.0214%
EuroTrash2,4,0.0214%
bf0d7998-81ec-48d1-b236-076ed3c77581,4,0.0214%
bitcoinder,4,0.0214%
Pokerkoffer,4,0.0214%
justusranvier,4,0.0214%
jacwah,4,0.0214%
georgerapp,4,0.0214%
edden87,4,0.0214%
trapp,4,0.0214%
dsattler,4,0.0214%
msva,4,0.0214%
rescrv,4,0.0214%
Krellan,4,0.0214%
Timwi,4,0.0214%
cpunks,4,0.0214%
007pig,4,0.0214%
anddam,4,0.0214%
srs96,4,0.0214%
Mysticsam,4,0.0214%
hrobbins,4,0.0214%
mathcampbell,4,0.0214%
94m3k1n9,4,0.0214%
dentldir,4,0.0214%
Cryddit,4,0.0214%
glitch003,4,0.0214%
br0x,4,0.0214%
ssokolow,4,0.0214%
andrasfuchs,4,0.0214%
drak01,4,0.0214%
mcandre,4,0.0214%
ByteCoin,4,0.0214%
EhVedadoOAnonimato,4,0.0214%
ovidiusoft,4,0.0214%
mndrix,4,0.0214%
zellfaze,4,0.0214%
jeffWelling,4,0.0214%
ch4ot1c,3,0.0161%
e-nexus,3,0.0161%
ReneFroger,3,0.0161%
yzhou61,3,0.0161%
eserlxl,3,0.0161%
scravy,3,0.0161%
GusevVasily,3,0.0161%
sergeyklay,3,0.0161%
Shtutnik,3,0.0161%
supersammy7000,3,0.0161%
BitcoinVegan,3,0.0161%
murrayn,3,0.0161%
victorperin,3,0.0161%
rustyrussell,3,0.0161%
DeltaLeonis,3,0.0161%
fivepiece,3,0.0161%
buddilla,3,0.0161%
razamobin,3,0.0161%
thijstriemstra,3,0.0161%
chromebanana,3,0.0161%
bpay,3,0.0161%
khelle,3,0.0161%
dustinltran,3,0.0161%
MarshMallowMan,3,0.0161%
mkyukov,3,0.0161%
Linrono,3,0.0161%
DrakonAlpha,3,0.0161%
Christewart,3,0.0161%
amd5,3,0.0161%
merinovroman,3,0.0161%
mikedennis,3,0.0161%
ekerstein,3,0.0161%
AngelTs,3,0.0161%
toddmo,3,0.0161%
dusty-wil,3,0.0161%
vinyyoo,3,0.0161%
JohnVonNeumann,3,0.0161%
grant-olson,3,0.0161%
janmande,3,0.0161%
potadibyo,3,0.0161%
jaybny,3,0.0161%
DonDerossi,3,0.0161%
jagaricoin-project,3,0.0161%
lyle-nel,3,0.0161%
obf73,3,0.0161%
bytting,3,0.0161%
zhci,3,0.0161%
YG-FLUSH,3,0.0161%
Stasyanz,3,0.0161%
Tokyonomaku,3,0.0161%
muhammednagy,3,0.0161%
flypaper0,3,0.0161%
Owennnnnn,3,0.0161%
pjtallon,3,0.0161%
Safari77,3,0.0161%
AKJ,3,0.0161%
sheldonth,3,0.0161%
unk1911,3,0.0161%
Celean,3,0.0161%
gits7r,3,0.0161%
ROBERT-MCDOWELL,3,0.0161%
gawaynX,3,0.0161%
drsaluml,3,0.0161%
shouhuas,3,0.0161%
genk1,3,0.0161%
gdvine,3,0.0161%
Real-Duke,3,0.0161%
linkp,3,0.0161%
Poseidonn77,3,0.0161%
lovecodelc,3,0.0161%
dagurval,3,0.0161%
sstone,3,0.0161%
johnjacksonbtc,3,0.0161%
brandondahler,3,0.0161%
throckmortonsign,3,0.0161%
ayeowch,3,0.0161%
BitWaspBitWasp,3,0.0161%
drbsci,3,0.0161%
kcb4348,3,0.0161%
chenluyong,3,0.0161%
y,3,0.0161%
jbakis,3,0.0161%
chris-belcher,3,0.0161%
lamar8,3,0.0161%
Mikestang,3,0.0161%
atweiden,3,0.0161%
awemany,3,0.0161%
mrbandrews,3,0.0161%
kleetus,3,0.0161%
simplex409,3,0.0161%
bityogi,3,0.0161%
tnull,3,0.0161%
glondu,3,0.0161%
kirai,3,0.0161%
veqtrus,3,0.0161%
federicobond,3,0.0161%
tomsw6,3,0.0161%
NikolaMandic,3,0.0161%
misterdna,3,0.0161%
tarukosu,3,0.0161%
lunokhod,3,0.0161%
SpaceMunkey,3,0.0161%
desci,3,0.0161%
LaurentMT,3,0.0161%
yangliw3,3,0.0161%
drunkwolfs,3,0.0161%
yokesh351,3,0.0161%
nkrowlan,3,0.0161%
ethernomad,3,0.0161%
cjeanneret,3,0.0161%
TimCinel,3,0.0161%
epipenau,3,0.0161%
lecbee,3,0.0161%
jhoenicke,3,0.0161%
leongaban,3,0.0161%
ABruihler,3,0.0161%
whitj00,3,0.0161%
kfogel,3,0.0161%
francwalter,3,0.0161%
emrekenci,3,0.0161%
MarkPfennig,3,0.0161%
MaDeRkAn,3,0.0161%
therealplato,3,0.0161%
ZPK4,3,0.0161%
noxxim,3,0.0161%
shshshsh,3,0.0161%
einewton,3,0.0161%
cmingxu,3,0.0161%
yuvaldrori,3,0.0161%
floe,3,0.0161%
pmc01,3,0.0161%
gbachik,3,0.0161%
awishformore,3,0.0161%
C-Otto,3,0.0161%
SomeoneWeird,3,0.0161%
coblee,3,0.0161%
AGBrown,3,0.0161%
coincapsig,3,0.0161%
cabbiepete,3,0.0161%
arnuschky,3,0.0161%
neverpanic,3,0.0161%
dishwara,3,0.0161%
kronrod,3,0.0161%
collapsedev,3,0.0161%
o-jasper,3,0.0161%
Enelar,3,0.0161%
p308945,3,0.0161%
kzaher,3,0.0161%
pentarh,3,0.0161%
neilneyman,3,0.0161%
medicinebottle,3,0.0161%
npiguet,3,0.0161%
DmRomantsov,3,0.0161%
Delta1977,3,0.0161%
norn,3,0.0161%
ktiedt,3,0.0161%
Schmollen,3,0.0161%
dooglio,3,0.0161%
alamtr,3,0.0161%
n1bor,3,0.0161%
swills,3,0.0161%
grbgout,3,0.0161%
vikstrous,3,0.0161%
nemysis,3,0.0161%
frespa81,3,0.0161%
miniupnp,3,0.0161%
zyv,3,0.0161%
bobjansen,3,0.0161%
Viceroy,3,0.0161%
anarcat,3,0.0161%
chevdor,3,0.0161%
pascalBokBok,3,0.0161%
skruger,3,0.0161%
nelisky,3,0.0161%
PanderMusubi,3,0.0161%
rpiuoidfrgf,3,0.0161%
bondbeau,3,0.0161%
postfan,3,0.0161%
mariosal,3,0.0161%
nanpanman,3,0.0161%
Rudd-O,3,0.0161%
jddebug,3,0.0161%
mmazi,3,0.0161%
genjix,3,0.0161%
sirk390,3,0.0161%
timmerov,3,0.0161%
guru777,3,0.0161%
rm44377,3,0.0161%
slothbag,3,0.0161%
MeniRosenfeld,3,0.0161%
jayschwa,3,0.0161%
jine,3,0.0161%
sgimenez,3,0.0161%
sneak,3,0.0161%
javgh,3,0.0161%
vrotaru,3,0.0161%
lachesis,3,0.0161%
wuchiachih,2,0.0107%
hamnaz,2,0.0107%
Crypto2,2,0.0107%
assafadar,2,0.0107%
isghe,2,0.0107%
teknari,2,0.0107%
sanket1729,2,0.0107%
ohhmm,2,0.0107%
greenaddress,2,0.0107%
leishman,2,0.0107%
rhinogroup,2,0.0107%
LucaPaterlini,2,0.0107%
NickyYangYang,2,0.0107%
arminbusatlic,2,0.0107%
zscole,2,0.0107%
jsarenik,2,0.0107%
Fuzzbawls,2,0.0107%
Rspigler,2,0.0107%
LaThortilla,2,0.0107%
hkjn,2,0.0107%
hanzou-x,2,0.0107%
InserirAquiNome,2,0.0107%
ValeryDubrava,2,0.0107%
tmany,2,0.0107%
helderdb,2,0.0107%
kenneth,2,0.0107%
ekembs,2,0.0107%
jakezeal,2,0.0107%
jeong760,2,0.0107%
floreslorca,2,0.0107%
amore-amore,2,0.0107%
demeter52,2,0.0107%
15811726527,2,0.0107%
randyrossi,2,0.0107%
fwolfst,2,0.0107%
Jappiecr,2,0.0107%
manginahunter,2,0.0107%
Tach-Yon,2,0.0107%
crbx,2,0.0107%
LeandroJF,2,0.0107%
samuelGrahame,2,0.0107%
anggaand123,2,0.0107%
huhorler,2,0.0107%
fgc92,2,0.0107%
bsod85,2,0.0107%
loudthunder,2,0.0107%
vmavromatis,2,0.0107%
Ankarrr,2,0.0107%
borriej,2,0.0107%
kgcorps,2,0.0107%
jsmootiv,2,0.0107%
spartucus,2,0.0107%
jjxtra,2,0.0107%
KibbledJiveElkZoo,2,0.0107%
Popkultur,2,0.0107%
Victorsueca,2,0.0107%
gmverdon,2,0.0107%
cyberluke,2,0.0107%
qubit1729,2,0.0107%
theochino,2,0.0107%
iamdaiyuan,2,0.0107%
Jeans5,2,0.0107%
jlegoupil,2,0.0107%
bmoo0,2,0.0107%
chen610620,2,0.0107%
MattyAB,2,0.0107%
chuacw,2,0.0107%
dmitry256,2,0.0107%
spbubble123,2,0.0107%
n0n0n0n0,2,0.0107%
brianmcmichael,2,0.0107%
benma,2,0.0107%
ko3ak,2,0.0107%
opacey,2,0.0107%
jli225,2,0.0107%
spencerlievens,2,0.0107%
zhiyan114,2,0.0107%
out0fmemory,2,0.0107%
roddyofchina,2,0.0107%
klfstl,2,0.0107%
benhillis,2,0.0107%
mariodian,2,0.0107%
UniversalBinary,2,0.0107%
btcontract,2,0.0107%
chandlerchao,2,0.0107%
jameshentai,2,0.0107%
testeriknl,2,0.0107%
eliotcougar,2,0.0107%
sylvandb,2,0.0107%
meatwas,2,0.0107%
Verserr,2,0.0107%
lmlsna,2,0.0107%
dav91,2,0.0107%
aniket-kumar,2,0.0107%
DhinNeGeNe,2,0.0107%
JohnDoesnt,2,0.0107%
sturles,2,0.0107%
vcatao,2,0.0107%
charlesfries,2,0.0107%
drake127,2,0.0107%
0xfff,2,0.0107%
caiqinghua,2,0.0107%
JustinTArthur,2,0.0107%
martin-lizner,2,0.0107%
shereda,2,0.0107%
leegod,2,0.0107%
knaperek,2,0.0107%
jcomeauictx,2,0.0107%
EagleTM,2,0.0107%
webdeli,2,0.0107%
ntpd,2,0.0107%
gandrewstone,2,0.0107%
gercio,2,0.0107%
altar13,2,0.0107%
Earlz,2,0.0107%
liori,2,0.0107%
boondogger,2,0.0107%
d3spwn,2,0.0107%
jguitton,2,0.0107%
GreenReaper,2,0.0107%
trevelocity,2,0.0107%
dragongem45,2,0.0107%
MichelChouinard,2,0.0107%
luzuluzu,2,0.0107%
destenson,2,0.0107%
danieleTrimarchi,2,0.0107%
tzofeolam,2,0.0107%
HenryBarton,2,0.0107%
chriswheeler,2,0.0107%
message,2,0.0107%
martinschwarz,2,0.0107%
mkabatek,2,0.0107%
jafaber,2,0.0107%
dskloet,2,0.0107%
Zwilla,2,0.0107%
ppdac,2,0.0107%
zookozcash,2,0.0107%
Ano59,2,0.0107%
bom64,2,0.0107%
hamiltino,2,0.0107%
crackfoo,2,0.0107%
Mellnik,2,0.0107%
ongygy2000,2,0.0107%
codebox,2,0.0107%
demagumd,2,0.0107%
jloughry,2,0.0107%
rickycrand,2,0.0107%
ponlapak,2,0.0107%
ChainQuery,2,0.0107%
Lokutos,2,0.0107%
ShawnKimble,2,0.0107%
2083236893,2,0.0107%
Klakurka,2,0.0107%
kuzyakiev,2,0.0107%
thallium205,2,0.0107%
haraldh,2,0.0107%
ddehueck,2,0.0107%
aakilfernandes,2,0.0107%
funbucks,2,0.0107%
vegard,2,0.0107%
jeaye,2,0.0107%
stijnsanders,2,0.0107%
auryn-macmillan,2,0.0107%
cheako,2,0.0107%
secunoid,2,0.0107%
cig0,2,0.0107%
patricksavalle,2,0.0107%
nullpt,2,0.0107%
devrandom,2,0.0107%
fsb4000,2,0.0107%
grasputin,2,0.0107%
ajcj151,2,0.0107%
gbeced,2,0.0107%
sandakersmann,2,0.0107%
MarkusTeufelberger,2,0.0107%
eduffield222,2,0.0107%
johannes87,2,0.0107%
carnesen,2,0.0107%
alexchan69,2,0.0107%
kuerzn,2,0.0107%
mbrix,2,0.0107%
dapinkbat,2,0.0107%
john-yonn,2,0.0107%
fundon,2,0.0107%
picasso250,2,0.0107%
XDB-Asura,2,0.0107%
handsomegui,2,0.0107%
akkornel,2,0.0107%
googleanalyticsisjavascript,2,0.0107%
jessepeterson,2,0.0107%
SeanEstey,2,0.0107%
cmgustavo,2,0.0107%
mgosk,2,0.0107%
leafcutterant,2,0.0107%
tuaris,2,0.0107%
cdhowie,2,0.0107%
weavejester,2,0.0107%
BoBeR182,2,0.0107%
rsdcastro,2,0.0107%
varac,2,0.0107%
macoymejia,2,0.0107%
arowser,2,0.0107%
7queue,2,0.0107%
mariobgr,2,0.0107%
veox,2,0.0107%
bibz0r,2,0.0107%
PedroSwift,2,0.0107%
KyrosKrane,2,0.0107%
wyager,2,0.0107%
lra,2,0.0107%
musha68k,2,0.0107%
sanktk,2,0.0107%
patrickmason,2,0.0107%
polrpaul,2,0.0107%
TH3xR34P3R,2,0.0107%
Future-me-FromFuture,2,0.0107%
JawedAshraf,2,0.0107%
comboy,2,0.0107%
bellaj,2,0.0107%
Massimo80,2,0.0107%
syejing,2,0.0107%
raid5,2,0.0107%
ian-kelling,2,0.0107%
bc-cb,2,0.0107%
c-cex,2,0.0107%
dima056,2,0.0107%
MattFaus,2,0.0107%
centromere,2,0.0107%
barmstrong,2,0.0107%
michaeljs1990,2,0.0107%
ccjon,2,0.0107%
devilankur18,2,0.0107%
garyvdm,2,0.0107%
sandalsoft,2,0.0107%
depesz,2,0.0107%
mautematico,2,0.0107%
llSourcell,2,0.0107%
shahnah,2,0.0107%
taoeffect,2,0.0107%
jcalfee,2,0.0107%
AllThingsBitcoin,2,0.0107%
raarts,2,0.0107%
tylerdmace,2,0.0107%
fastest963,2,0.0107%
kthxbai2u,2,0.0107%
CodeChief,2,0.0107%
bitcoinbrisbane,2,0.0107%
gongchengra,2,0.0107%
dlio,2,0.0107%
joe999,2,0.0107%
mx4,2,0.0107%
ryanxcharles,2,0.0107%
macd0g,2,0.0107%
nixoid,2,0.0107%
burnside,2,0.0107%
xerohour,2,0.0107%
wmassag,2,0.0107%
medoix,2,0.0107%
M4v3R,2,0.0107%
nvmd,2,0.0107%
njbartlett,2,0.0107%
sigkill,2,0.0107%
richardassar,2,0.0107%
orb,2,0.0107%
casellas,2,0.0107%
epros,2,0.0107%
adavies42,2,0.0107%
OronNadiv,2,0.0107%
Dreamsorcerer,2,0.0107%
KonstantinSchubert,2,0.0107%
ag346,2,0.0107%
tripplet,2,0.0107%
kiplingw,2,0.0107%
ryepdx,2,0.0107%
JustinAiken,2,0.0107%
Kjlawrence63,2,0.0107%
jim618,2,0.0107%
jeremysawicki,2,0.0107%
ShadSterling,2,0.0107%
simon-liu,2,0.0107%
Herodes-otc,2,0.0107%
bradfitz,2,0.0107%
henu,2,0.0107%
tobypinder,2,0.0107%
gutted,2,0.0107%
phelixbtc,2,0.0107%
Tindalos,2,0.0107%
colindean,2,0.0107%
extr0p,2,0.0107%
paulproteus,2,0.0107%
zainmw91,2,0.0107%
nikolajsheller,2,0.0107%
raamdev,2,0.0107%
tahoeboarder909,2,0.0107%
mapalmalemus,2,0.0107%
rricci2009,2,0.0107%
axet,2,0.0107%
Rishodi,2,0.0107%
Tectract,2,0.0107%
TheInitiated,2,0.0107%
silvioq,2,0.0107%
gtklocker,2,0.0107%
mdude77,2,0.0107%
tucenaber,2,0.0107%
Bozbo,2,0.0107%
LukenShiro,2,0.0107%
KrzaQ,2,0.0107%
tuxmaster5000,2,0.0107%
Sladien,2,0.0107%
keverw,2,0.0107%
jwillerth,2,0.0107%
vcaxx,2,0.0107%
davh,2,0.0107%
guysoft,2,0.0107%
Bitsky,2,0.0107%
johncalistro,2,0.0107%
vassilevsky,2,0.0107%
Dr-Nix,2,0.0107%
brokewallet,2,0.0107%
jondoh,2,0.0107%
bitaussie,2,0.0107%
mustafadane,2,0.0107%
p2k,2,0.0107%
mckaydavis,2,0.0107%
captainknz,2,0.0107%
grawity,2,0.0107%
Flowdalic,2,0.0107%
cryo,2,0.0107%
macintosh264,2,0.0107%
AEtherSurfer,2,0.0107%
Plaidxx,2,0.0107%
eldentyrell,2,0.0107%
rickw,2,0.0107%
thisisnotmyrealemail,2,0.0107%
codler,2,0.0107%
enmaku,2,0.0107%
vector76,2,0.0107%
JoelKatz,2,0.0107%
grubino,2,0.0107%
ius,2,0.0107%
MrSam,2,0.0107%
CAFxX,2,0.0107%
stigeebus,2,0.0107%
dholbert,2,0.0107%
elmom,2,0.0107%
MatrixFrog,2,0.0107%
SameDifference,2,0.0107%
grebulon,2,0.0107%
borneq,2,0.0107%
benlake,2,0.0107%
mgiuca,2,0.0107%
dmchess,1,0.0054%
DocOBITCOIN,1,0.0054%
al-maisan,1,0.0054%
Ali8668,1,0.0054%
DianJakaWidiawan,1,0.0054%
adminstratio,1,0.0054%
sanjays95,1,0.0054%
azetrom,1,0.0054%
unixb0y,1,0.0054%
alexander7567,1,0.0054%
barryton999,1,0.0054%
Derek701,1,0.0054%
SearchAndDestroy,1,0.0054%
thelukemccarthy,1,0.0054%
cryptozeny,1,0.0054%
h4x3rotab,1,0.0054%
syrius01,1,0.0054%
DinoStray,1,0.0054%
nkostoulas,1,0.0054%
underdarkskies,1,0.0054%
bekarys0504,1,0.0054%
FIVIL,1,0.0054%
melaxon,1,0.0054%
crowdcoinChain,1,0.0054%
ZexiFangkong,1,0.0054%
hxsquid,1,0.0054%
ilozanof,1,0.0054%
ianwaldrop,1,0.0054%
rikur,1,0.0054%
Stadicus,1,0.0054%
AlekSi,1,0.0054%
Nino84,1,0.0054%
Amiga500,1,0.0054%
recas,1,0.0054%
undercoverGod,1,0.0054%
cruxby,1,0.0054%
besoeasy,1,0.0054%
NickSiena,1,0.0054%
mustitz,1,0.0054%
justinnease97,1,0.0054%
brandonrninefive,1,0.0054%
Foggyx420,1,0.0054%
gurtaj-project,1,0.0054%
laugh26,1,0.0054%
Xayaan,1,0.0054%
thotheolh,1,0.0054%
kaykurokawa,1,0.0054%
devfans,1,0.0054%
nixbox,1,0.0054%
Aaahh,1,0.0054%
WillAyd,1,0.0054%
okayplanet,1,0.0054%
jakubtrnka,1,0.0054%
Corsairs,1,0.0054%
arunsatyarth,1,0.0054%
ilike2bottom40,1,0.0054%
Arezohayeman,1,0.0054%
mcdallas,1,0.0054%
26rahulsingh,1,0.0054%
rockandruby,1,0.0054%
bigbrain,1,0.0054%
AlexGoldovsky,1,0.0054%
reedho,1,0.0054%
funyug,1,0.0054%
fbriggs,1,0.0054%
WorkShop-Office,1,0.0054%
anduck,1,0.0054%
drodil,1,0.0054%
uniibu,1,0.0054%
NilByte,1,0.0054%
AlvaroLuken,1,0.0054%
Miskerest,1,0.0054%
notsureif,1,0.0054%
mrhuke,1,0.0054%
padedek,1,0.0054%
FeedTheWeb,1,0.0054%
yellowred,1,0.0054%
sapirx3,1,0.0054%
playcoindev,1,0.0054%
DerUntote,1,0.0054%
coolmagic,1,0.0054%
AdvancedStyle,1,0.0054%
ecdsa,1,0.0054%
willin,1,0.0054%
chrotz,1,0.0054%
JayKopinski,1,0.0054%
AndreyNag,1,0.0054%
MrTuoi,1,0.0054%
david60,1,0.0054%
tianzongqi,1,0.0054%
VermillionAzure,1,0.0054%
bitcoinfuture-btcx,1,0.0054%
ja-heller,1,0.0054%
QubitPi,1,0.0054%
Harold-Glitch,1,0.0054%
nQuantPlatforms,1,0.0054%
kpstensland,1,0.0054%
snitko,1,0.0054%
williamng2112,1,0.0054%
liuqizhi0925,1,0.0054%
ntom,1,0.0054%
chaiyu2002,1,0.0054%
JiaTaoXie,1,0.0054%
brakmic,1,0.0054%
SoundButton,1,0.0054%
nobushige,1,0.0054%
EasonWang01,1,0.0054%
heri99,1,0.0054%
kekimusmaximus,1,0.0054%
buzai,1,0.0054%
krysch,1,0.0054%
whosda,1,0.0054%
wild-jie,1,0.0054%
hyperrealist,1,0.0054%
ryanosten,1,0.0054%
fernandezpablo85,1,0.0054%
stephenie,1,0.0054%
victoryeo,1,0.0054%
julien-lecomte,1,0.0054%
booung,1,0.0054%
spot88,1,0.0054%
0xB10C,1,0.0054%
converge,1,0.0054%
Ov3rlo4d,1,0.0054%
CarlHoo,1,0.0054%
omegachien,1,0.0054%
jackycjh,1,0.0054%
amal,1,0.0054%
LEscobar-Driver,1,0.0054%
vincentwang0736,1,0.0054%
tech-alchemist,1,0.0054%
davimello28,1,0.0054%
prajwalrao2012,1,0.0054%
Quantomicus,1,0.0054%
invariant,1,0.0054%
coralnode,1,0.0054%
usab,1,0.0054%
shashisamala,1,0.0054%
sugandhnow,1,0.0054%
zzinda19,1,0.0054%
acasaccia,1,0.0054%
Bluethf,1,0.0054%
rosly,1,0.0054%
251Labs,1,0.0054%
ashishchandr70,1,0.0054%
elblinko,1,0.0054%
coolbobo,1,0.0054%
halvors,1,0.0054%
nperalez,1,0.0054%
lei123zhang,1,0.0054%
pierreN,1,0.0054%
itoonx,1,0.0054%
myradiogalaxy,1,0.0054%
proski,1,0.0054%
cryptonoob42,1,0.0054%
mi2zha,1,0.0054%
theymos,1,0.0054%
majorlegendx,1,0.0054%
john-light,1,0.0054%
ThisIsJustARandomGuy,1,0.0054%
thequillmagazine,1,0.0054%
simonk83,1,0.0054%
NewCryptoWorld,1,0.0054%
albandil,1,0.0054%
mputter,1,0.0054%
PavelNiedoba,1,0.0054%
Guillerbr,1,0.0054%
JiechengZhao,1,0.0054%
coinables,1,0.0054%
justnonamenoname,1,0.0054%
montvid,1,0.0054%
kemoantemo,1,0.0054%
windsok,1,0.0054%
scubaMaster,1,0.0054%
LorenzoAlluminio,1,0.0054%
res-Q,1,0.0054%
novatia,1,0.0054%
rafawo,1,0.0054%
mfarnoosh,1,0.0054%
deremeda,1,0.0054%
natonamco,1,0.0054%
djro,1,0.0054%
Cren700,1,0.0054%
hzz780,1,0.0054%
PaulRBerg,1,0.0054%
midas717,1,0.0054%
Mentors4EDU,1,0.0054%
satindergrewal,1,0.0054%
stefanmedack,1,0.0054%
luolinae86,1,0.0054%
aunyks,1,0.0054%
jonny1000,1,0.0054%
asbator,1,0.0054%
darkfur93,1,0.0054%
aaron11193,1,0.0054%
genexcore,1,0.0054%
wenweih,1,0.0054%
serge-name,1,0.0054%
315985314,1,0.0054%
MarwenBenTalebAli,1,0.0054%
amosbird,1,0.0054%
Matt90o,1,0.0054%
sunnyday845,1,0.0054%
ReneNyffenegger,1,0.0054%
huobur,1,0.0054%
aferreira44,1,0.0054%
Seccour,1,0.0054%
GrayedFox,1,0.0054%
joshuayabut,1,0.0054%
matmaer,1,0.0054%
Patrickxzm,1,0.0054%
KingfisherTao,1,0.0054%
tofutim,1,0.0054%
RavenZero,1,0.0054%
Mecanik,1,0.0054%
gabrieldov,1,0.0054%
Benudek,1,0.0054%
BlockMechanic,1,0.0054%
kolesnevg,1,0.0054%
systemeintegratedsolutions,1,0.0054%
EddieOne,1,0.0054%
burningTyger,1,0.0054%
zottirik,1,0.0054%
songtaoM,1,0.0054%
Pantau123,1,0.0054%
scutmarx,1,0.0054%
tkaczorro,1,0.0054%
neobitz,1,0.0054%
Nellacoin,1,0.0054%
ysangkok,1,0.0054%
jatarga,1,0.0054%
adilw3nomad,1,0.0054%
Demontf,1,0.0054%
Drehschloss,1,0.0054%
kobake,1,0.0054%
cryptogenesis,1,0.0054%
dzimbeck,1,0.0054%
mecampbellsoup,1,0.0054%
botweb,1,0.0054%
mmacedoeu,1,0.0054%
FndNur1Labs,1,0.0054%
rattrap19,1,0.0054%
streamofstars,1,0.0054%
jamiewaltz,1,0.0054%
cevap,1,0.0054%
achillez,1,0.0054%
kirit93,1,0.0054%
rublev,1,0.0054%
mlmikael,1,0.0054%
yield65,1,0.0054%
beckdaipeng,1,0.0054%
wolfoxonly,1,0.0054%
pratik91s,1,0.0054%
argospam,1,0.0054%
PwnK,1,0.0054%
isle2983,1,0.0054%
jeremyreikes,1,0.0054%
leto,1,0.0054%
kvsari,1,0.0054%
Jpja,1,0.0054%
robmcl4,1,0.0054%
almoharebh,1,0.0054%
FLUXparticle,1,0.0054%
guenter1952,1,0.0054%
marvic41,1,0.0054%
wujun,1,0.0054%
legends420,1,0.0054%
brackmayhall,1,0.0054%
brijananand,1,0.0054%
MrChrisJ,1,0.0054%
dougstrong77,1,0.0054%
talklittle,1,0.0054%
bclermont,1,0.0054%
jackson-sandland,1,0.0054%
xingfeT,1,0.0054%
jdevora,1,0.0054%
s-tikhomirov,1,0.0054%
sysmanalex,1,0.0054%
RCasatta,1,0.0054%
Thirudhas,1,0.0054%
layershifter,1,0.0054%
moonss777,1,0.0054%
daira,1,0.0054%
suiguangye,1,0.0054%
CannotCompileBitcoinOnDebian,1,0.0054%
alkulp,1,0.0054%
tigusoft-vm,1,0.0054%
krisives,1,0.0054%
jns4u,1,0.0054%
monkeyDemon,1,0.0054%
softwareguycoder,1,0.0054%
adamierymenko,1,0.0054%
chumlee06,1,0.0054%
harding,1,0.0054%
platedodev,1,0.0054%
joaopaulofonseca,1,0.0054%
opg7371,1,0.0054%
Panzzy,1,0.0054%
ofry,1,0.0054%
Ewan-S,1,0.0054%
ZhiweiWang,1,0.0054%
chjj,1,0.0054%
micressor,1,0.0054%
vadipp,1,0.0054%
andrejpodzimek,1,0.0054%
shangzhou,1,0.0054%
davidmanheim,1,0.0054%
nathaniel-mahieu,1,0.0054%
ChoHag,1,0.0054%
sgeron,1,0.0054%
djpnewton,1,0.0054%
mbarulli,1,0.0054%
hoffmabc,1,0.0054%
f139975,1,0.0054%
mkae,1,0.0054%
b3mb4m,1,0.0054%
StrammerMax93,1,0.0054%
gtozzi,1,0.0054%
redfly001,1,0.0054%
sakurashiki,1,0.0054%
lukassaul,1,0.0054%
averissimo,1,0.0054%
bboot,1,0.0054%
chpio,1,0.0054%
onurakdemir,1,0.0054%
jabware,1,0.0054%
mhamaddaher,1,0.0054%
wumpus,1,0.0054%
Reddog6714,1,0.0054%
jorijnsmit,1,0.0054%
KARMOBA,1,0.0054%
bittylicious,1,0.0054%
diegoviola,1,0.0054%
RachelPriss,1,0.0054%
Nolaan,1,0.0054%
Chaz27,1,0.0054%
sthen,1,0.0054%
ak9250,1,0.0054%
dragosbdi,1,0.0054%
ruimarinho,1,0.0054%
seandotau,1,0.0054%
Chaintool,1,0.0054%
anto,1,0.0054%
catilac,1,0.0054%
bgorlick,1,0.0054%
craig131,1,0.0054%
photis,1,0.0054%
tdaede,1,0.0054%
zooko,1,0.0054%
mmitech,1,0.0054%
aaronstjohn,1,0.0054%
smurfix,1,0.0054%
DavidVorick,1,0.0054%
OldGamer59,1,0.0054%
daf121,1,0.0054%
EthanBianchi,1,0.0054%
marienuac,1,0.0054%
polkovnikov-ph,1,0.0054%
eliot1785,1,0.0054%
bigcoinme,1,0.0054%
jfeldis,1,0.0054%
6coind,1,0.0054%
arisAlexis,1,0.0054%
IvanaSu,1,0.0054%
older-c-coder,1,0.0054%
hwinkler,1,0.0054%
allthingsgo,1,0.0054%
supere989,1,0.0054%
josephnicholas,1,0.0054%
wamoyo,1,0.0054%
0x9F,1,0.0054%
abitfan,1,0.0054%
dakk,1,0.0054%
dukati,1,0.0054%
PJUllrich,1,0.0054%
peterwillcn,1,0.0054%
isislovecruft,1,0.0054%
apoelstra,1,0.0054%
gdassori,1,0.0054%
gavelino,1,0.0054%
Weax,1,0.0054%
Mikadily,1,0.0054%
artisbigshirts,1,0.0054%
santzi,1,0.0054%
z0rg1nc,1,0.0054%
ethought,1,0.0054%
cornwarecjp,1,0.0054%
giacecco,1,0.0054%
lostcodder,1,0.0054%
netzstrand,1,0.0054%
Drakonadrgora,1,0.0054%
bluikko,1,0.0054%
martyzigman,1,0.0054%
PhoenixFS,1,0.0054%
chaosgrid,1,0.0054%
j04gd2h5h,1,0.0054%
JustinDrake,1,0.0054%
sapeish,1,0.0054%
zebra21,1,0.0054%
embiimob,1,0.0054%
ers35,1,0.0054%
Gabrola,1,0.0054%
Geremia,1,0.0054%
stephenhutchings,1,0.0054%
primezeta,1,0.0054%
pennyfx,1,0.0054%
vinniefalco,1,0.0054%
Mullick,1,0.0054%
chronicbitcoin,1,0.0054%
buana,1,0.0054%
boltronics,1,0.0054%
ShapeShifter499,1,0.0054%
l0rb,1,0.0054%
randy-waterhouse,1,0.0054%
PetrGasparik,1,0.0054%
gabridome,1,0.0054%
lacksfish,1,0.0054%
aatheus,1,0.0054%
eiabea,1,0.0054%
ricgoto,1,0.0054%
micromaomao,1,0.0054%
Alex-Linhares,1,0.0054%
easye,1,0.0054%
bitcartel,1,0.0054%
kaotisk-hund,1,0.0054%
colinkelly,1,0.0054%
apoloval,1,0.0054%
tuxayo,1,0.0054%
b6393ce9-d324-4fe1-996b-acf82dbc3d53,1,0.0054%
yampi1,1,0.0054%
captainhao,1,0.0054%
zefir-k,1,0.0054%
neocogent,1,0.0054%
aussiehash,1,0.0054%
LeMiner,1,0.0054%
SeverinAequus,1,0.0054%
evilworm,1,0.0054%
lekanovic,1,0.0054%
Pyanne,1,0.0054%
redpola,1,0.0054%
skarra,1,0.0054%
terrylai,1,0.0054%
tykling,1,0.0054%
braydonf,1,0.0054%
kevinmartinmauro,1,0.0054%
PersistantProblem,1,0.0054%
lucayepa,1,0.0054%
mappum,1,0.0054%
kef,1,0.0054%
MineForeman,1,0.0054%
yamamushi,1,0.0054%
rromanchuk,1,0.0054%
CnaBhr,1,0.0054%
tl121,1,0.0054%
airgapped,1,0.0054%
mgrigajtis,1,0.0054%
stepanja,1,0.0054%
BTCTaras,1,0.0054%
RyanKung,1,0.0054%
bitcoinfees,1,0.0054%
lacesio,1,0.0054%
shimondoodkin,1,0.0054%
oleganza,1,0.0054%
hughneale,1,0.0054%
Arnavion,1,0.0054%
bernied,1,0.0054%
pataquets,1,0.0054%
ErikHendriks,1,0.0054%
yellowbluebus,1,0.0054%
michaelbnewman,1,0.0054%
donovanhide,1,0.0054%
physicsdude,1,0.0054%
EddyMSilva,1,0.0054%
cqtenq,1,0.0054%
gorillamania,1,0.0054%
changetip,1,0.0054%
tunnelman,1,0.0054%
derrend,1,0.0054%
mouda77,1,0.0054%
djackallstar,1,0.0054%
hgt5,1,0.0054%
TurgutKanceltik,1,0.0054%
ssdpool,1,0.0054%
magcius,1,0.0054%
thereisnofromaddress,1,0.0054%
sinacc,1,0.0054%
charliegama,1,0.0054%
zw,1,0.0054%
STrRedWolf,1,0.0054%
gr33k,1,0.0054%
johnsondiao,1,0.0054%
earonesty,1,0.0054%
FTraian,1,0.0054%
TrooperT,1,0.0054%
benburkhart1,1,0.0054%
priiduneemre,1,0.0054%
misiek08,1,0.0054%
kryptan,1,0.0054%
quantumpotato,1,0.0054%
ColErr,1,0.0054%
sidazhang,1,0.0054%
adattudos,1,0.0054%
dugongsoftware,1,0.0054%
doll1,1,0.0054%
juanpastas,1,0.0054%
Bitcoinera,1,0.0054%
mxicoderspl,1,0.0054%
dkaparis,1,0.0054%
JamesMartin001,1,0.0054%
mdhaze,1,0.0054%
pygy,1,0.0054%
voisine,1,0.0054%
jptrway,1,0.0054%
fitzah,1,0.0054%
daninovak,1,0.0054%
nebman,1,0.0054%
maqifrnswa,1,0.0054%
jfkirkley,1,0.0054%
steelmythos,1,0.0054%
rubensayshi,1,0.0054%
orrd,1,0.0054%
Pacoup,1,0.0054%
anantshri,1,0.0054%
saivann,1,0.0054%
xdlapp,1,0.0054%
NanoAkron,1,0.0054%
sethking,1,0.0054%
systemsplanet,1,0.0054%
praxeo,1,0.0054%
boinggg,1,0.0054%
tarix,1,0.0054%
wcummings,1,0.0054%
AndrewClifford,1,0.0054%
bpdavenport,1,0.0054%
cheeseo,1,0.0054%
GENGSHUANGs,1,0.0054%
richardsj,1,0.0054%
backlof,1,0.0054%
PierreRochard,1,0.0054%
anton000,1,0.0054%
quel,1,0.0054%
kjj2,1,0.0054%
omyno,1,0.0054%
surfrock66,1,0.0054%
imsaguy,1,0.0054%
FelixWeis,1,0.0054%
jedimstr,1,0.0054%
6iva4a,1,0.0054%
ditto-b,1,0.0054%
tuxsoul,1,0.0054%
DarkIlluminatus,1,0.0054%
CaVO32,1,0.0054%
bareera786,1,0.0054%
PCMcGee,1,0.0054%
jeromecc,1,0.0054%
anthonyettinger,1,0.0054%
jcoffland,1,0.0054%
tsusanka,1,0.0054%
musalbas,1,0.0054%
fcicq,1,0.0054%
wizkid057,1,0.0054%
scintill,1,0.0054%
ViliusSutkus,1,0.0054%
mauriciovander,1,0.0054%
boborsomeoneelse,1,0.0054%
erikdubbelboer,1,0.0054%
nsaatlarge,1,0.0054%
amatotech,1,0.0054%
slacker6,1,0.0054%
tlrobinson,1,0.0054%
gillhofer,1,0.0054%
aalness,1,0.0054%
haxwell,1,0.0054%
SCDeveloper,1,0.0054%
annaparker,1,0.0054%
aleksre,1,0.0054%
jbuck1954,1,0.0054%
danielschonfeld,1,0.0054%
wilbown,1,0.0054%
vipwzw,1,0.0054%
esbullington,1,0.0054%
dogbad,1,0.0054%
Scr33ch,1,0.0054%
ChrisCalderon,1,0.0054%
renne,1,0.0054%
svirusxxx,1,0.0054%
timuckun,1,0.0054%
sumory,1,0.0054%
Commissar0617,1,0.0054%
transonly,1,0.0054%
jkaye2012,1,0.0054%
gthiruva,1,0.0054%
Elijen,1,0.0054%
tjgillies,1,0.0054%
SimonKaluza,1,0.0054%
sylvainblot,1,0.0054%
simonhard,1,0.0054%
indolering,1,0.0054%
steaerox,1,0.0054%
DirkyJerky,1,0.0054%
simondlr,1,0.0054%
midnightradio,1,0.0054%
deadalnix,1,0.0054%
ironsniper,1,0.0054%
markmark1,1,0.0054%
DesWurstes,1,0.0054%
BrogulT,1,0.0054%
DavidJohnstonCEO,1,0.0054%
kechan,1,0.0054%
slacka,1,0.0054%
NeoMod,1,0.0054%
tanusreechatterjee,1,0.0054%
paulbrittain,1,0.0054%
wullxz,1,0.0054%
skysider,1,0.0054%
cameronbergh,1,0.0054%
deed02392,1,0.0054%
btclove,1,0.0054%
soheil,1,0.0054%
TheButterZone,1,0.0054%
jemmons,1,0.0054%
Megatokio,1,0.0054%
tom-seddon,1,0.0054%
ExperimentsAndIdeas,1,0.0054%
kroese,1,0.0054%
dertin,1,0.0054%
markasoftware,1,0.0054%
nfceek,1,0.0054%
imzhuli,1,0.0054%
fryx,1,0.0054%
Abdullah114,1,0.0054%
voidref,1,0.0054%
pdxrod,1,0.0054%
ghedipunk,1,0.0054%
alexander-ivanov,1,0.0054%
tjuryakin,1,0.0054%
donSchoe,1,0.0054%
lrascao,1,0.0054%
akstunt,1,0.0054%
chill117,1,0.0054%
MichaelBrenden,1,0.0054%
xiaoxiaoleo,1,0.0054%
ronaldpetty,1,0.0054%
radoeka,1,0.0054%
creativearmy,1,0.0054%
yuexiahandao,1,0.0054%
renguzi,1,0.0054%
geek96,1,0.0054%
malickf,1,0.0054%
propertunist,1,0.0054%
winteraz,1,0.0054%
NerdfighterSean,1,0.0054%
vtosev,1,0.0054%
fgeek,1,0.0054%
lismore,1,0.0054%
grahama,1,0.0054%
lazyjay,1,0.0054%
konieczkow,1,0.0054%
awt,1,0.0054%
lseror,1,0.0054%
andruby,1,0.0054%
kunstmusik,1,0.0054%
jordan314,1,0.0054%
shesek,1,0.0054%
dpkp,1,0.0054%
madthanu,1,0.0054%
mrgitbit,1,0.0054%
hasib145,1,0.0054%
m13253,1,0.0054%
Alex-van-der-Peet,1,0.0054%
patrickb1991,1,0.0054%
dyzz,1,0.0054%
jerith666,1,0.0054%
alexpennace,1,0.0054%
gsn2dd,1,0.0054%
thisisgil,1,0.0054%
FrankLo,1,0.0054%
platypii,1,0.0054%
alanast1,1,0.0054%
zootreeves,1,0.0054%
pjbrito,1,0.0054%
planetp,1,0.0054%
lioncash,1,0.0054%
rstarkov,1,0.0054%
mkonecny,1,0.0054%
MiRAGE-101,1,0.0054%
partsoven,1,0.0054%
CoDCoyote,1,0.0054%
pzskc383,1,0.0054%
K1773R,1,0.0054%
GJSchaller,1,0.0054%
adrelanos,1,0.0054%
shakaran,1,0.0054%
solicomo,1,0.0054%
netsmashers,1,0.0054%
antonio081014,1,0.0054%
pianist,1,0.0054%
Agera-S,1,0.0054%
achillesuk,1,0.0054%
iSnow,1,0.0054%
stephantual,1,0.0054%
xeverse,1,0.0054%
bitnews,1,0.0054%
staplezjay,1,0.0054%
WhatTheF,1,0.0054%
hdamakeit,1,0.0054%
Comodore1,1,0.0054%
lawrence97431,1,0.0054%
dirkjan111,1,0.0054%
nickgogerty,1,0.0054%
sressler,1,0.0054%
ralphtheninja,1,0.0054%
brvier,1,0.0054%
KES777,1,0.0054%
SteveBaker42,1,0.0054%
vertoe,1,0.0054%
ali1234,1,0.0054%
Psynbiotik,1,0.0054%
thebalaa,1,0.0054%
woeisme,1,0.0054%
Oddee,1,0.0054%
hughdavenport,1,0.0054%
EskimoBob,1,0.0054%
tomboy-64,1,0.0054%
bjmgeek,1,0.0054%
anand4,1,0.0054%
timmc,1,0.0054%
mcassano,1,0.0054%
diegueins680,1,0.0054%
snabb,1,0.0054%
abrkn,1,0.0054%
azazar,1,0.0054%
cgaebel,1,0.0054%
Nicolai-s,1,0.0054%
TheComputerGenie,1,0.0054%
svasva,1,0.0054%
sdsdalr,1,0.0054%
jambolo,1,0.0054%
nybble41,1,0.0054%
hllhll,1,0.0054%
NotBugger,1,0.0054%
stevenph,1,0.0054%
MatthewLM,1,0.0054%
LinusU,1,0.0054%
lovedazi005,1,0.0054%
banjaxxed,1,0.0054%
Ambrose94,1,0.0054%
samosudov,1,0.0054%
darsie,1,0.0054%
rPman,1,0.0054%
chickentech,1,0.0054%
wizeman,1,0.0054%
Blackhawke,1,0.0054%
Folko85,1,0.0054%
dnohales,1,0.0054%
xenog,1,0.0054%
jfisbein,1,0.0054%
stevenh512,1,0.0054%
kapcom01,1,0.0054%
mrmx,1,0.0054%
csrfdez,1,0.0054%
tuttleorbuttle,1,0.0054%
olhovsky,1,0.0054%
jlherren,1,0.0054%
c00w,1,0.0054%
drizzt,1,0.0054%
dusoft,1,0.0054%
ubuntupunk,1,0.0054%
jonls,1,0.0054%
Squeezle42,1,0.0054%
nreal2,1,0.0054%
Serjster,1,0.0054%
Coryboy6,1,0.0054%
gronager,1,0.0054%
jonassmedegaard,1,0.0054%
piotr-szegda,1,0.0054%
tayl0r,1,0.0054%
sje397,1,0.0054%
r000n,1,0.0054%
forrestv,1,0.0054%
meonkeys,1,0.0054%
phants,1,0.0054%
sp1d3rx,1,0.0054%
p2paul,1,0.0054%
PAStheLoD,1,0.0054%
itstooez,1,0.0054%
ptmhd,1,0.0054%
dikidera,1,0.0054%
ryannathans,1,0.0054%
MaxBareiss,1,0.0054%
NvrBst,1,0.0054%
huiju,1,0.0054%
katmagic,1,0.0054%
KlausT,1,0.0054%
devurandom,1,0.0054%
paraipan,1,0.0054%
picree,1,0.0054%
n074v41l4bl34u,1,0.0054%
petercooperjr,1,0.0054%
JonasPertschy,1,0.0054%
d3dave,1,0.0054%
Jessygirl,1,0.0054%
embatbr,1,0.0054%
oris,1,0.0054%
makomk,1,0.0054%
ChanneledDan,1,0.0054%
ervwalter,1,0.0054%
wcoenen,1,0.0054%
copumpkin,1,0.0054%
amcgregor,1,0.0054%
nilsja,1,0.0054%
teathsch,1,0.0054%
piotrnar,1,0.0054%
carlosjhr64,1,0.0054%
bbot,1,0.0054%
vragnaroda,1,0.0054%
bhattnaval,1,0.0054%
jrmithdobbs,1,0.0054%
davidljung,1,0.0054%
hartrock,1,0.0054%
Ummon,1,0.0054%
johnktaylor,1,0.0054%
atum,1,0.0054%
Plasma,1,0.0054%
greggrossmeier,1,0.0054%
XVilka,1,0.0054%
bitfag,1,0.0054%
trentzb,1,0.0054%
btcex,1,0.0054%
dustin,1,0.0054%
kiba,1,0.0054%
wolfnoliir,1,0.0054%
nacnemo,1,0.0054%
skriticos,1,0.0054%
develop7,1,0.0054%
isaacwaldron,1,0.0054%
Zammy,1,0.0054%
bitcoineer,1,0.0054%
frenkel,1,0.0054%
arsenische,1,0.0054%
jhenninger,1,0.0054%
mburns,1,0.0054%
Joho68,1,0.0054%
larsig,1,0.0054%
slush0,1,0.0054%
zde,1,0.0054%
ptitfred,1,0.0054%
burdges,1,0.0054%
njloof,1,0.0054%
j16sdiz,1,0.0054%
Natanael90,1,0.0054%
JonnyLatte,1,0.0054%
fabianhjr,1,0.0054%
RytisLT,1,0.0054%
wherget,1,0.0054%
Kiv,1,0.0054%
rasos,1,0.0054%
